customerid,total_sales
12346.0,77183.6
12347.0,4310.0
12348.0,1797.24
12349.0,1757.55
12350.0,334.40000000000003
12352.0,2506.04
12353.0,89.0
12354.0,1079.4
12355.0,459.40000000000003
12356.0,2811.43
12357.0,6207.67
12358.0,1168.06
12359.0,6310.03
12360.0,2662.06
12361.0,189.9
12362.0,5226.2300000000005
12363.0,552.0
12364.0,1313.1
12365.0,641.38
12367.0,168.9
12370.0,3541.94
12371.0,1887.96
12372.0,1298.04
12373.0,364.6
12374.0,742.9300000000001
12375.0,457.5
12377.0,1628.1200000000001
12378.0,4008.62
12379.0,852.24
12380.0,2724.81
12381.0,1845.31
12383.0,1850.56
12384.0,585.27
12386.0,401.9
12388.0,2780.6600000000003
12390.0,549.84
12391.0,439.66
12393.0,1582.6000000000001
12394.0,1272.48
12395.0,3018.63
12397.0,2409.9
12398.0,1635.6599999999999
12399.0,1108.65
12401.0,84.3
12402.0,225.60000000000002
12403.0,427.7
12405.0,1710.39
12406.0,3415.3
12407.0,1708.12
12408.0,2888.55
12409.0,11072.67
12410.0,693.33
12412.0,1226.88
12413.0,758.1
12414.0,562.4100000000001
12415.0,124914.53
12417.0,3649.1
12418.0,668.58
12420.0,600.39
12421.0,807.04
12422.0,803.5600000000001
12423.0,1859.31
12424.0,1760.96
12425.0,777.2
12426.0,582.73
12427.0,825.8000000000001
12428.0,7956.46
12429.0,3750.4
12430.0,256.4
12431.0,6419.95
12432.0,5059.32
12433.0,13375.87
12434.0,806.14
12435.0,7829.89
12436.0,509.01
12437.0,4951.41
12438.0,2906.85
12441.0,173.55
12442.0,172.06
12444.0,5005.46
12445.0,133.4
12446.0,1002.3100000000001
12447.0,476.49
12448.0,449.45
12449.0,4067.29
12450.0,197.88
12451.0,9035.52
12452.0,430.57000000000005
12453.0,707.09
12454.0,3528.34
12455.0,2466.86
12456.0,3181.04
12457.0,2363.23
12458.0,947.4
12461.0,826.88
12462.0,1189.59
12463.0,1344.78
12464.0,1212.05
12465.0,742.19
12468.0,729.54
12471.0,19788.65
12472.0,6572.11
12473.0,3928.05
12474.0,7324.09
12475.0,723.38
12476.0,6816.42
12477.0,13219.74
12478.0,680.99
12479.0,527.2
12480.0,3281.63
12481.0,5579.82
12483.0,2484.98
12484.0,4527.32
12488.0,1298.66
12489.0,334.93
12490.0,5417.93
12491.0,460.40000000000003
12492.0,263.21000000000004
12493.0,433.74
12494.0,1246.1
12497.0,1043.1
12498.0,403.70000000000005
12500.0,4257.82
12501.0,2169.39
12502.0,3723.87
12504.0,482.04999999999995
12506.0,73.5
12507.0,1304.81
12508.0,397.88
12509.0,176.5
12510.0,982.5699999999999
12512.0,132.18
12513.0,612.29
12514.0,1017.6800000000001
12515.0,383.7
12516.0,1312.06
12517.0,2481.6
12518.0,2056.89
12519.0,330.84000000000003
12520.0,2634.26
12521.0,599.68
12522.0,192.72
12523.0,1789.77
12524.0,4485.72
12526.0,1316.66
12527.0,348.71000000000004
12528.0,1933.48
12530.0,1662.28
12531.0,125.22
12532.0,349.83000000000004
12534.0,1089.18
12535.0,716.35
12536.0,12601.830000000002
12538.0,363.95
12539.0,5568.35
12540.0,13400.24
12541.0,981.18
12544.0,372.7
12545.0,1000.39
12546.0,1161.5
12547.0,207.8
12548.0,95.19999999999999
12550.0,964.83
12551.0,168.0
12552.0,437.82
12553.0,3692.28
12556.0,599.56
12557.0,11990.960000000001
12558.0,269.96
12559.0,561.71
12560.0,2134.01
12561.0,238.85
12562.0,3781.7400000000002
12564.0,456.90000000000003
12565.0,145.92000000000002
12566.0,351.65
12567.0,9401.28
12569.0,4124.6900000000005
12571.0,519.61
12572.0,1020.4200000000001
12573.0,160.54000000000002
12574.0,218.45000000000002
12576.0,1315.83
12577.0,626.6
12578.0,2794.51
12579.0,440.42
12580.0,415.7
12581.0,197.71
12582.0,511.36
12583.0,7281.38
12584.0,2338.15
12585.0,2040.1
12586.0,196.94000000000003
12587.0,144.0
12588.0,214.89999999999998
12589.0,646.68
12590.0,9864.26
12591.0,452.84999999999997
12592.0,437.6
12593.0,418.1
12594.0,3338.2200000000003
12596.0,618.27
12597.0,3811.22
12598.0,3023.08
12599.0,1032.58
12600.0,2599.04
12601.0,577.0600000000001
12602.0,153.12
12603.0,739.1999999999999
12604.0,254.18
12607.0,1579.51
12609.0,1126.85
12610.0,2099.54
12611.0,1193.32
12612.0,704.04
12613.0,3344.38
12614.0,315.6
12615.0,2291.19
12616.0,713.3
12617.0,352.98
12618.0,177.31
12619.0,3641.24
12620.0,1339.41
12621.0,13689.67
12622.0,180.1
12623.0,305.1
12624.0,641.13
12625.0,2683.82
12626.0,6620.4800000000005
12627.0,4478.53
12628.0,786.46
12630.0,1270.88
12631.0,640.5
12633.0,2163.98
12635.0,1689.18
12637.0,6002.9
12638.0,671.69
12639.0,486.1
12640.0,1174.58
12641.0,185.9
12642.0,1013.26
12643.0,3344.64
12644.0,477.90999999999997
12645.0,1775.18
12646.0,1346.97
12647.0,3722.82
12648.0,318.05
12649.0,623.51
12650.0,314.44
12651.0,114.0
12652.0,919.98
12653.0,2209.85
12654.0,601.98
12656.0,4051.17
12657.0,1643.18
12658.0,686.05
12659.0,91.68
12660.0,245.10000000000002
12662.0,3849.78
12664.0,4881.88
12665.0,63.0
12667.0,620.13
12668.0,3807.15
12669.0,2744.0299999999997
12670.0,2996.05
12672.0,225.9
12673.0,610.52
12674.0,1970.6
12676.0,1331.39
12678.0,17628.46
12679.0,1113.02
12680.0,862.81
12681.0,13787.54
12682.0,12279.82
12683.0,8476.57
12684.0,2283.63
12685.0,2863.08
12686.0,89.14
12688.0,4873.81
12689.0,1247.6100000000001
12690.0,389.01
12691.0,1035.8
12693.0,855.91
12694.0,869.67
12695.0,582.1
12697.0,957.59
12700.0,4939.99
12701.0,797.71
12702.0,219.0
12703.0,283.55
12704.0,2340.84
12705.0,6868.29
12707.0,603.42
12708.0,2712.91
12709.0,9706.52
12710.0,1149.02
12712.0,4396.13
12713.0,848.55
12714.0,4708.86
12715.0,343.36
12716.0,1053.49
12717.0,1030.98
12718.0,238.25
12719.0,644.95
12720.0,5781.7300000000005
12721.0,2656.13
12722.0,997.63
12723.0,725.07
12724.0,1031.41
12725.0,427.8
12726.0,2609.1
12727.0,3980.7000000000003
12728.0,836.33
12729.0,453.01
12731.0,18895.91
12732.0,236.26000000000002
12733.0,383.95
12734.0,110.39999999999999
12735.0,779.5699999999999
12736.0,234.0
12738.0,155.35
12739.0,1013.04
12740.0,427.6
12743.0,540.13
12744.0,21279.29
12747.0,4196.01
12748.0,33053.19
12749.0,4090.88
12750.0,275.88
12752.0,4366.78
12753.0,21429.39
12754.0,3010.74
12755.0,3811.9500000000003
12756.0,112.08
12757.0,7834.650000000001
12758.0,2791.59
12759.0,1531.44
12762.0,1898.52
12763.0,494.08
12764.0,1693.88
12766.0,6989.63
12769.0,1143.6
12770.0,1351.45
12772.0,892.47
12775.0,1386.04
12778.0,822.23
12779.0,3981.36
12781.0,826.74
12782.0,2330.92
12783.0,2225.91
12784.0,532.82
12785.0,311.95
12787.0,463.66
12789.0,91.85
12790.0,324.92
12791.0,192.60000000000002
12792.0,400.54
12793.0,545.48
12794.0,860.41
12795.0,430.48
12797.0,254.03
12798.0,6977.04
12802.0,427.58
12808.0,483.65000000000003
12809.0,489.31
12811.0,514.85
12812.0,229.64000000000001
12814.0,125.92
12815.0,1063.46
12816.0,572.2
12817.0,166.04000000000002
12818.0,1542.08
12820.0,942.34
12821.0,92.72
12822.0,948.88
12823.0,1759.5
12824.0,397.12
12826.0,1474.72
12827.0,430.15
12828.0,1018.71
12829.0,293.0
12830.0,6814.64
12831.0,215.05
12832.0,383.03000000000003
12833.0,417.38
12834.0,312.38
12836.0,2610.36
12837.0,134.1
12838.0,671.95
12839.0,5591.42
12840.0,2726.77
12841.0,3991.58
12842.0,1118.99
12843.0,1702.26
12844.0,325.96000000000004
12845.0,354.09000000000003
12847.0,843.64
12849.0,1010.29
12851.0,131.81
12852.0,311.55
12853.0,1957.1000000000001
12854.0,1316.25
12855.0,38.1
12856.0,2170.78
12857.0,1106.4
12863.0,521.2
12864.0,147.12
12865.0,1568.23
12866.0,559.12
12867.0,4009.34
12868.0,1607.0600000000002
12871.0,380.64
12872.0,599.97
12873.0,374.0
12875.0,343.2300000000001
12876.0,2218.02
12877.0,1535.77
12878.0,854.99
12879.0,573.22
12881.0,298.0
12882.0,1463.04
12883.0,703.47
12884.0,309.05
12885.0,1175.22
12886.0,1378.4
12888.0,354.12
12890.0,376.71999999999997
12891.0,331.0
12893.0,176.55
12895.0,372.8
12897.0,216.5
12901.0,17654.54
12902.0,138.68
12904.0,496.06
12906.0,2919.81
12908.0,750.0
12909.0,2178.67
12910.0,3075.04
12912.0,1662.3
12913.0,2483.63
12915.0,363.65
12916.0,2944.95
12917.0,594.0
12919.0,1335.19
12920.0,162.78
12921.0,16587.09
12922.0,405.38
12923.0,172.82
12924.0,933.7
12925.0,694.05
12928.0,2062.7
12929.0,117.85
12930.0,415.8
12931.0,42055.96
12933.0,607.53
12935.0,2160.7
12936.0,1063.9
12937.0,1504.27
12938.0,114.14
12939.0,11581.8
12940.0,899.69
12942.0,675.6
12944.0,604.51
12945.0,462.95
12947.0,1603.99
12948.0,2064.95
12949.0,4167.22
12950.0,1843.0
12951.0,1064.07
12952.0,1387.79
12953.0,329.85
12955.0,4757.16
12956.0,108.07
12957.0,4017.54
12962.0,266.39
12963.0,1856.63
12965.0,769.8100000000001
12966.0,160.18
12967.0,1660.9
12968.0,135.95
12970.0,405.47
12971.0,11189.91
12974.0,144.8
12976.0,738.6
12977.0,39.239999999999995
12980.0,7374.900000000001
12981.0,372.21999999999997
12982.0,390.54
12984.0,97.5
12985.0,1239.38
12987.0,558.7
12988.0,505.82
12989.0,6924.11
12990.0,409.5
12991.0,503.76
12993.0,414.76
12994.0,974.42
12995.0,211.32
12997.0,1226.89
12999.0,455.88
13000.0,534.85
13001.0,9785.970000000001
13002.0,120.95
13003.0,149.05
13004.0,5655.91
13005.0,513.7
13006.0,81.57
13008.0,229.47
13011.0,50.550000000000004
13012.0,1646.8400000000001
13013.0,4810.9400000000005
13014.0,3466.28
13015.0,3339.64
13016.0,789.89
13017.0,204.0
13018.0,7277.7
13021.0,2616.38
13023.0,689.9
13026.0,975.36
13027.0,6912.0
13028.0,661.3199999999999
13029.0,1247.5
13030.0,752.44
13032.0,1010.1800000000001
13033.0,190.55
13034.0,642.77
13035.0,921.88
13037.0,881.07
13038.0,908.46
13040.0,676.99
13043.0,516.42
13044.0,560.47
13045.0,305.28000000000003
13046.0,629.31
13047.0,3237.54
13048.0,1819.41
13049.0,656.6800000000001
13050.0,5836.86
13052.0,348.15000000000003
13055.0,1214.41
13058.0,271.40000000000003
13059.0,183.4
13060.0,307.53000000000003
13061.0,248.61
13062.0,346.98
13064.0,1105.59
13065.0,205.86
13066.0,470.8
13067.0,115.46000000000001
13068.0,344.0
13069.0,4431.44
13070.0,228.8
13072.0,177.15
13075.0,919.61
13077.0,728.02
13078.0,12627.94
13079.0,220.10000000000002
13080.0,58.08
13081.0,28337.38
13082.0,3613.63
13083.0,303.75
13085.0,416.08
13089.0,58762.08
13090.0,8910.82
13091.0,345.82
13092.0,477.83
13093.0,7832.47
13094.0,1927.3200000000002
13095.0,74.39999999999999
13097.0,6003.22
13098.0,28882.44
13099.0,207.36
13101.0,101.19
13102.0,6424.09
13103.0,243.94
13104.0,1098.48
13106.0,76.5
13107.0,1531.6200000000001
13108.0,350.06
13109.0,786.54
13110.0,1488.67
13113.0,12245.960000000001
13115.0,2294.78
13116.0,501.14
13117.0,984.91
13118.0,1197.81
13120.0,30.6
13121.0,283.73
13122.0,922.39
13124.0,3756.33
13126.0,2099.64
13127.0,259.17
13130.0,64.0
13131.0,1073.3
13132.0,77.3
13133.0,109.8
13134.0,1793.58
13135.0,3096.0
13136.0,2607.61
13137.0,3603.29
13138.0,962.39
13139.0,5064.9400000000005
13140.0,422.47
13141.0,2388.75
13142.0,307.09000000000003
13144.0,110.95
13145.0,618.52
13146.0,228.91
13147.0,712.8
13148.0,3683.26
13149.0,1676.06
13151.0,1257.8700000000001
13153.0,486.22
13155.0,971.76
13157.0,1741.22
13158.0,1201.06
13159.0,1429.35
13160.0,91.8
13161.0,112.75
13162.0,1688.29
13165.0,1021.48
13166.0,417.2
13167.0,791.33
13168.0,1299.59
13169.0,712.88
13170.0,108.81
13171.0,468.41
13173.0,353.65000000000003
13174.0,2742.82
13176.0,481.49
13177.0,282.45
13178.0,5725.47
13182.0,121.18
13183.0,3957.78
13184.0,1668.95
13185.0,71.4
13186.0,1575.89
13187.0,236.02
13188.0,114.6
13189.0,260.68
13192.0,911.94
13193.0,112.08
13194.0,60.7
13196.0,1797.78
13198.0,3401.2400000000002
13199.0,9817.12
13200.0,870.09
13203.0,869.46
13207.0,250.26000000000002
13208.0,1217.65
13209.0,5891.61
13210.0,353.48
13211.0,1095.42
13212.0,786.83
13213.0,1520.58
13216.0,333.74
13217.0,533.98
13218.0,62.64
13220.0,819.2900000000001
13221.0,847.41
13223.0,163.2
13224.0,2155.95
13225.0,6463.84
13226.0,108.21000000000001
13227.0,257.7
13228.0,358.0
13229.0,160.95
13230.0,2755.63
13232.0,1328.35
13233.0,605.12
13235.0,1031.07
13236.0,744.85
13238.0,700.73
13239.0,329.56
13240.0,663.65
13242.0,270.40000000000003
13243.0,585.12
13244.0,121.74000000000001
13245.0,430.5
13246.0,1961.52
13247.0,501.12
13248.0,465.68
13249.0,711.41
13253.0,1030.4
13255.0,399.51
13256.0,0.0
13258.0,672.83
13259.0,283.18
13260.0,557.62
13261.0,944.1
13262.0,200.29
13263.0,7436.93
13265.0,2092.66
13266.0,3834.2599999999998
13267.0,4521.49
13268.0,3174.75
13269.0,5343.28
13270.0,590.0
13271.0,211.49
13272.0,276.56
13273.0,138.98
13276.0,590.9300000000001
13277.0,258.4
13278.0,542.73
13279.0,137.75
13280.0,798.46
13282.0,1132.14
13283.0,93.66
13284.0,201.19
13285.0,2709.12
13291.0,361.11
13292.0,578.94
13294.0,873.74
13295.0,201.20000000000002
13296.0,87.4
13297.0,2089.85
13298.0,360.0
13299.0,142.5
13300.0,371.89
13301.0,618.09
13302.0,63.75
13304.0,300.42
13305.0,2000.86
13307.0,15.0
13308.0,1385.51
13309.0,1456.79
13310.0,1132.03
13311.0,598.57
13313.0,1555.3200000000002
13314.0,775.94
13316.0,5732.93
13317.0,2273.68
13318.0,640.76
13319.0,10845.550000000001
13320.0,1532.2
13321.0,567.36
13322.0,199.48000000000002
13323.0,787.85
13324.0,7121.95
13325.0,675.3
13327.0,3627.77
13328.0,1308.48
13329.0,789.0
13330.0,1140.93
13332.0,350.90000000000003
13334.0,3502.32
13336.0,795.12
13338.0,487.02
13339.0,860.12
13340.0,10736.48
13341.0,775.85
13343.0,353.43
13344.0,2511.69
13345.0,389.5
13347.0,341.36
13348.0,233.76000000000002
13349.0,247.32
13350.0,979.12
13351.0,373.94
13352.0,397.98
13354.0,743.53
13355.0,674.7
13356.0,768.24
13357.0,609.4
13358.0,439.03000000000003
13359.0,439.56
13362.0,3090.7400000000002
13363.0,992.5
13364.0,134.96
13365.0,2225.37
13366.0,56.16
13368.0,623.4
13369.0,308.28000000000003
13370.0,754.87
13372.0,378.64
13373.0,3312.25
13375.0,778.65
13376.0,1019.76
13379.0,572.56
13381.0,3639.31
13382.0,222.99
13384.0,4151.93
13385.0,534.57
13388.0,677.1
13389.0,797.96
13390.0,544.08
13391.0,59.8
13394.0,2520.02
13395.0,307.72
13396.0,1360.99
13397.0,1544.13
13398.0,457.34000000000003
13402.0,621.23
13403.0,75.0
13404.0,252.49
13405.0,572.451
13408.0,28117.04
13410.0,1003.06
13411.0,213.55
13414.0,1390.5
13416.0,712.5
13417.0,640.83
13418.0,6127.43
13419.0,221.06
13420.0,159.85
13421.0,1833.71
13422.0,2626.3
13425.0,1624.21
13426.0,3641.32
13427.0,582.6
13428.0,201.78
13429.0,1006.8
13430.0,679.45
13431.0,1269.1
13434.0,534.24
13435.0,3809.89
13436.0,196.89
13437.0,3408.06
13439.0,283.71
13441.0,296.64
13447.0,1129.14
13448.0,3534.69
13449.0,291.88
13450.0,2043.72
13451.0,2898.2599999999998
13452.0,590.0
13453.0,356.98
13455.0,1058.34
13456.0,1766.72
13458.0,9646.57
13460.0,183.44
13461.0,1445.0
13462.0,151.5
13464.0,674.68
13466.0,307.90000000000003
13467.0,1071.91
13468.0,5704.97
13470.0,165.0
13471.0,2501.84
13473.0,422.64
13474.0,226.84
13475.0,1431.78
13476.0,1238.47
13477.0,1454.58
13479.0,300.95
13481.0,1804.56
13482.0,184.64000000000001
13483.0,140.34
13484.0,313.8
13485.0,454.24
13486.0,1122.41
13487.0,575.4
13488.0,8968.31
13489.0,449.52
13491.0,1215.82
13492.0,1269.84
13493.0,618.63
13494.0,316.26000000000005
13495.0,2044.8700000000001
13496.0,653.33
13497.0,348.05
13499.0,1159.1100000000001
13500.0,1166.77
13501.0,1340.32
13502.0,292.0
13503.0,216.85
13504.0,295.93
13505.0,4393.63
13506.0,458.52
13507.0,2479.16
13508.0,110.97
13509.0,979.72
13510.0,1791.56
13512.0,251.21
13513.0,205.1
13514.0,152.20000000000002
13515.0,891.12
13516.0,1389.41
13517.0,2128.42
13518.0,627.16
13519.0,122.75
13520.0,3624.35
13521.0,1071.73
13522.0,125.80000000000001
13523.0,3964.88
13524.0,680.1800000000001
13525.0,628.78
13527.0,2242.36
13529.0,307.76
13531.0,483.8
13532.0,210.31
13533.0,269.09
13534.0,5870.08
13536.0,3444.39
13538.0,1280.85
13539.0,631.34
13544.0,276.06
13546.0,621.09
13548.0,678.16
13549.0,918.2
13551.0,91.80000000000001
13552.0,3740.07
13555.0,4098.88
13557.0,584.0600000000001
13558.0,594.52
13560.0,171.42000000000002
13561.0,141.85999999999999
13562.0,1799.3300000000002
13563.0,777.53
13564.0,1724.67
13565.0,240.22
13566.0,856.84
13568.0,187.05
13569.0,338.62
13570.0,239.49
13571.0,2088.94
13572.0,1384.25
13573.0,290.25
13575.0,732.07
13576.0,6717.34
13577.0,1687.6000000000001
13579.0,467.04
13581.0,118.0
13583.0,781.03
13584.0,142.4
13587.0,712.4
13588.0,2478.95
13589.0,379.65
13590.0,1981.92
13591.0,1117.13
13592.0,247.95999999999998
13593.0,2011.88
13594.0,396.97
13596.0,664.11
13598.0,160.04
13599.0,5149.92
13600.0,219.52
13601.0,693.32
13602.0,428.89
13603.0,164.34
13606.0,276.75
13607.0,675.51
13610.0,1082.33
13611.0,1154.4
13614.0,1585.46
13615.0,417.69
13617.0,544.18
13618.0,177.34
13621.0,213.85
13623.0,727.74
13626.0,257.23
13627.0,1638.47
13629.0,7792.36
13630.0,2031.78
13631.0,3070.42
13632.0,2118.93
13634.0,1547.3600000000001
13635.0,1071.03
13636.0,949.12
13637.0,804.3
13638.0,122.64
13639.0,1033.34
13642.0,312.28
13643.0,519.44
13644.0,2624.26
13645.0,252.1
13647.0,1648.1200000000001
13649.0,346.6
13650.0,1836.3400000000001
13651.0,94.2
13652.0,1095.08
13654.0,2707.33
13655.0,932.97
13656.0,379.65
13657.0,382.14
13658.0,2639.17
13659.0,1563.0
13662.0,881.26
13663.0,189.47
13666.0,84.65
13667.0,299.05
13668.0,6309.83
13669.0,218.55
13670.0,349.7
13672.0,186.39000000000001
13673.0,387.44
13675.0,486.82000000000005
13678.0,232.6
13680.0,3719.12
13681.0,827.83
13682.0,59.5
13684.0,65.13
13685.0,3119.44
13686.0,72.0
13689.0,910.0
13690.0,172.25
13692.0,1488.32
13694.0,65039.62
13695.0,2504.13
13697.0,151.3
13699.0,308.58000000000004
13700.0,2248.63
13703.0,99.5
13704.0,2308.06
13705.0,711.86
13706.0,330.79
13707.0,806.41
13708.0,285.33
13709.0,6307.650000000001
13710.0,180.48
13711.0,252.06
13712.0,228.84
13715.0,1077.39
13716.0,138.28
13717.0,1445.01
13718.0,306.55
13719.0,1041.68
13720.0,799.9
13721.0,524.14
13722.0,2375.41
13723.0,199.85000000000002
13725.0,1980.56
13726.0,1079.66
13727.0,333.48
13728.0,1016.14
13730.0,752.6
13731.0,610.59
13732.0,491.86
13735.0,2883.54
13736.0,729.8
13737.0,339.6
13739.0,216.9
13740.0,350.75
13741.0,668.4300000000001
13742.0,3107.87
13743.0,1341.6
13744.0,1080.52
13745.0,300.04
13747.0,79.6
13748.0,948.25
13750.0,1647.26
13751.0,296.25
13752.0,1175.38
13753.0,741.26
13754.0,282.6
13755.0,2108.06
13756.0,5189.52
13758.0,3190.55
13759.0,659.4100000000001
13760.0,286.79
13761.0,1070.65
13762.0,306.72
13763.0,1714.96
13764.0,1519.42
13767.0,17220.36
13769.0,2796.51
13771.0,2634.45
13772.0,1122.63
13774.0,345.0
13777.0,25977.16
13778.0,178.7
13780.0,360.01
13781.0,127.84
13782.0,908.86
13784.0,2462.79
13786.0,230.4
13787.0,309.04
13790.0,348.79999999999995
13791.0,1516.0
13792.0,195.55
13798.0,37153.85
13799.0,688.86
13800.0,558.32
13801.0,324.8
13802.0,4599.42
13803.0,277.07
13804.0,2588.39
13805.0,924.5999999999999
13806.0,256.38
13807.0,112.6
13808.0,1747.66
13809.0,155.05
13810.0,1499.01
13811.0,814.5
13812.0,539.0
13813.0,1366.8600000000001
13814.0,1579.12
13815.0,4027.36
13816.0,571.6700000000001
13817.0,382.98
13819.0,1140.35
13821.0,385.64
13822.0,632.0
13823.0,957.66
13824.0,1698.94
13826.0,189.5
13827.0,409.8
13828.0,209.49
13831.0,2198.45
13832.0,52.2
13833.0,383.85
13835.0,834.57
13837.0,266.59000000000003
13838.0,674.82
13841.0,85.0
13842.0,3385.62
13844.0,361.62
13845.0,312.98
13846.0,865.0600000000001
13848.0,1255.0
13849.0,1537.95
13850.0,1595.48
13851.0,2651.46
13853.0,1090.1399999999999
13854.0,8109.5199999999995
13856.0,388.5
13858.0,216.17000000000002
13859.0,201.16
13860.0,1245.9
13862.0,2209.36
13863.0,305.78
13865.0,501.56
13866.0,145.67
13867.0,1005.09
13868.0,3192.54
13869.0,3083.65
13870.0,2770.94
13871.0,6403.25
13873.0,389.6
13874.0,540.45
13875.0,1786.79
13876.0,122.7
13877.0,117.24
13878.0,1271.57
13880.0,3219.77
13881.0,17159.52
13882.0,1191.13
13883.0,2674.48
13884.0,787.6
13885.0,506.8
13886.0,243.56
13887.0,349.55
13888.0,595.67
13889.0,416.90000000000003
13890.0,1883.81
13892.0,632.97
13893.0,821.1
13894.0,564.62
13895.0,2593.07
13897.0,311.16
13898.0,155.93
13899.0,388.52
13900.0,740.95
13901.0,2867.2000000000003
13904.0,332.64
13908.0,2369.55
13911.0,2580.91
13914.0,626.45
13917.0,272.04
13918.0,1212.8400000000001
13919.0,384.81
13922.0,172.25
13923.0,351.13
13924.0,1838.8500000000001
13925.0,678.25
13926.0,223.85000000000002
13927.0,348.99
13928.0,464.57
13929.0,842.65
13930.0,337.34
13931.0,1237.53
13932.0,307.4
13933.0,608.79
13934.0,922.1
13936.0,376.58
13937.0,158.85
13938.0,71.66
13939.0,568.55
13940.0,839.14
13941.0,5112.96
13946.0,561.57
13947.0,90.60000000000001
13948.0,102.0
13949.0,2427.32
13950.0,745.0600000000001
13951.0,674.45
13952.0,3251.071
13953.0,3515.68
13954.0,439.92
13955.0,322.96
13956.0,1019.27
13959.0,594.04
13960.0,230.22
13962.0,169.54999999999998
13963.0,664.54
13967.0,80.7
13969.0,9024.17
13971.0,2758.26
13972.0,190.25
13973.0,264.7
13974.0,413.59000000000003
13975.0,2461.2400000000002
13976.0,357.98
13978.0,196.79
13979.0,869.87
13980.0,200.14
13982.0,1871.81
13983.0,2603.43
13984.0,920.51
13985.0,7060.13
13986.0,320.46
13988.0,4147.96
13989.0,1266.08
13990.0,311.3
13991.0,852.88
13992.0,76.8
13993.0,3466.36
13994.0,2274.14
13995.0,1393.69
13999.0,3901.81
14000.0,635.66
14001.0,2043.0800000000002
14002.0,529.73
14004.0,4582.64
14005.0,2874.72
14006.0,962.19
14009.0,695.61
14012.0,328.8
14013.0,473.02
14014.0,505.18
14015.0,917.34
14016.0,4341.21
14019.0,1421.6100000000001
14020.0,642.8
14021.0,631.9
14022.0,440.0
14023.0,584.07
14024.0,327.7
14027.0,104.82
14029.0,467.66
14030.0,2358.84
14031.0,17286.86
14032.0,2975.59
14034.0,648.89
14035.0,1428.02
14036.0,626.65
14037.0,147.20000000000002
14038.0,1560.38
14039.0,152.2
14040.0,3560.32
14041.0,141.41
14044.0,646.42
14045.0,1659.75
14046.0,154.99
14047.0,1308.6100000000001
14048.0,409.93
14049.0,5578.72
14050.0,746.36
14051.0,15610.390000000001
14052.0,225.35999999999999
14053.0,260.25
14054.0,92.46000000000001
14055.0,725.6400000000001
14056.0,8152.71
14057.0,6211.66
14059.0,183.6
14060.0,6140.42
14062.0,10464.85
14064.0,1334.34
14066.0,152.55
14067.0,374.7
14068.0,265.85
14071.0,1437.57
14073.0,151.04
14075.0,942.26
14076.0,118.67
14077.0,499.42
14078.0,1049.37
14079.0,375.1
14080.0,45.599999999999994
14081.0,921.62
14082.0,182.25
14083.0,1002.9
14085.0,4421.29
14087.0,191.47
14088.0,50491.81
14089.0,158.75
14090.0,76.32000000000001
14092.0,4076.9100000000003
14093.0,433.86
14096.0,65164.79
14098.0,147.35
14099.0,3104.17
14100.0,191.95
14101.0,5976.79
14102.0,1105.8799999999999
14104.0,216.21
14105.0,1266.23
14107.0,2703.23
14108.0,597.91
14109.0,144.2
14110.0,5683.15
14111.0,692.85
14112.0,2915.15
14113.0,1840.42
14114.0,386.53
14116.0,1382.74
14117.0,90.0
14121.0,2780.15
14124.0,419.58
14125.0,2720.63
14126.0,706.1300000000001
14127.0,709.71
14128.0,637.5
14129.0,1123.8600000000001
14130.0,480.91
14132.0,3586.03
14133.0,605.64
14135.0,4690.31
14138.0,965.88
14139.0,415.82
14140.0,935.05
14141.0,915.13
14142.0,311.81
14143.0,115.8
14145.0,3742.2
14146.0,4191.0
14147.0,483.4
14148.0,157.2
14149.0,446.62
14150.0,658.64
14152.0,621.29
14154.0,1345.62
14155.0,118.75
14156.0,117210.08
14157.0,424.89000000000004
14158.0,507.65999999999997
14159.0,4630.35
14161.0,1097.6200000000001
14162.0,289.36
14163.0,2445.91
14164.0,1631.77
14165.0,120.44
14167.0,562.59
14171.0,363.79
14173.0,450.84
14174.0,134.46
14175.0,3222.3
14176.0,576.9000000000001
14177.0,549.46
14178.0,1600.26
14179.0,701.57
14180.0,4748.52
14184.0,452.89
14185.0,197.65
14188.0,2054.36
14189.0,4654.08
14191.0,4684.76
14193.0,853.39
14194.0,11349.52
14195.0,1012.0
14196.0,335.52
14198.0,701.4
14199.0,185.39999999999998
14201.0,747.44
14204.0,150.61
14205.0,466.7
14206.0,328.15999999999997
14208.0,151.74
14209.0,2073.43
14210.0,1905.8400000000001
14211.0,2241.1
14212.0,1070.48
14214.0,1004.38
14215.0,1789.72
14216.0,1839.3
14217.0,2004.98
14218.0,169.48000000000002
14219.0,89.94
14220.0,632.4000000000001
14221.0,3432.8
14222.0,683.17
14223.0,991.13
14224.0,1009.73
14226.0,2214.79
14227.0,3350.96
14229.0,1547.2
14231.0,925.71
14232.0,2048.07
14233.0,1462.72
14234.0,754.12
14235.0,3144.86
14236.0,490.86
14237.0,161.0
14238.0,146.85
14239.0,2380.85
14240.0,890.34
14241.0,213.70000000000002
14242.0,280.55
14243.0,2588.77
14245.0,1693.45
14246.0,1474.06
14247.0,136.77
14248.0,302.58
14250.0,1904.05
14251.0,2879.7000000000003
14256.0,969.0600000000001
14257.0,3099.7200000000003
14258.0,12669.98
14259.0,120.0
14261.0,1163.45
14262.0,2618.23
14264.0,333.97
14265.0,530.18
14267.0,1516.24
14270.0,492.65000000000003
14271.0,112.32000000000001
14272.0,437.96
14273.0,559.97
14276.0,1119.74
14277.0,4188.0
14280.0,134.04
14282.0,3701.44
14284.0,595.25
14285.0,1910.01
14286.0,4628.75
14287.0,176.63
14288.0,426.6
14289.0,911.26
14290.0,2314.65
14291.0,3883.25
14292.0,4871.93
14293.0,1046.56
14295.0,166.20000000000002
14297.0,1305.33
14298.0,51527.3
14299.0,3965.62
14300.0,43.2
14301.0,640.14
14304.0,383.45
14305.0,1858.96
14306.0,2093.32
14307.0,2995.7200000000003
14309.0,2352.53
14311.0,310.26
14312.0,1611.5900000000001
14314.0,120.0
14315.0,2481.13
14317.0,508.58
14320.0,477.79
14321.0,1530.75
14323.0,605.0600000000001
14326.0,183.85
14327.0,311.65000000000003
14329.0,4975.24
14331.0,462.66
14332.0,840.21
14333.0,415.2
14334.0,2552.21
14335.0,454.86
14336.0,1614.91
14338.0,588.22
14339.0,309.52000000000004
14340.0,134.7
14341.0,2166.98
14342.0,668.5600000000001
14344.0,889.9300000000001
14345.0,108.98
14346.0,1021.58
14348.0,409.57
14349.0,133.5
14350.0,282.93
14351.0,51.0
14352.0,1078.96
14353.0,90.6
14354.0,163.62
14355.0,174.4
14356.0,701.23
14357.0,225.12
14359.0,912.1800000000001
14360.0,2118.03
14362.0,151.5
14364.0,3717.35
14367.0,9227.82
14368.0,155.0
14371.0,100.5
14373.0,76.55
14375.0,235.56
14377.0,617.05
14379.0,348.1
14381.0,202.68
14382.0,615.49
14383.0,1247.69
14385.0,202.10999999999999
14386.0,142.4
14387.0,1727.6
14388.0,3212.84
14389.0,1043.46
14390.0,4642.57
14393.0,67.95
14395.0,3479.91
14396.0,487.99
14397.0,2612.96
14400.0,574.7
14401.0,4051.48
14403.0,1475.81
14404.0,1449.32
14406.0,156.75
14407.0,2157.73
14408.0,2599.03
14409.0,2059.4500000000003
14410.0,1100.27
14411.0,1063.0
14412.0,770.03
14413.0,121.05
14414.0,1496.98
14415.0,5855.57
14416.0,490.22
14418.0,1937.25
14419.0,1051.79
14420.0,387.52
14421.0,813.11
14422.0,4263.64
14423.0,265.2
14424.0,322.08
14426.0,4481.67
14427.0,363.34000000000003
14428.0,1224.06
14431.0,470.36
14432.0,2248.5
14434.0,1372.8
14436.0,89.06
14437.0,63.0
14438.0,131.9
14439.0,2661.24
14440.0,2357.68
14441.0,1712.89
14442.0,1589.82
14443.0,1420.2
14446.0,1010.35
14447.0,1163.23
14448.0,375.35
14449.0,885.8
14450.0,483.25
14451.0,643.9
14452.0,259.05
14453.0,119.93
14456.0,3017.28
14457.0,113.64
14459.0,1837.92
14460.0,434.34
14461.0,2103.06
14462.0,1980.57
14463.0,529.62
14465.0,1038.44
14466.0,2272.4
14467.0,596.26
14470.0,461.19
14472.0,1852.67
14473.0,234.34
14474.0,547.66
14475.0,925.85
14476.0,193.0
14477.0,1309.6
14479.0,316.25
14480.0,279.05
14481.0,636.51
14482.0,2022.81
14483.0,137.1
14484.0,321.92
14485.0,162.8
14487.0,1165.48
14488.0,1064.28
14489.0,463.38
14491.0,340.93
14493.0,2383.2400000000002
14494.0,139.56
14495.0,123.80000000000001
14496.0,538.8100000000001
14497.0,475.37
14498.0,1957.32
14499.0,808.44
14500.0,356.85
14501.0,251.21
14502.0,2429.83
14503.0,3543.26
14504.0,673.26
14505.0,5859.43
14506.0,1960.65
14507.0,1367.88
14508.0,268.05
14511.0,1314.81
14512.0,275.28
14513.0,455.59000000000003
14514.0,990.2
14515.0,2076.89
14517.0,330.45
14518.0,174.37
14520.0,270.6
14522.0,974.54
14523.0,241.09
14524.0,1843.83
14525.0,4215.9
14527.0,8507.13
14528.0,364.21999999999997
14529.0,578.61
14530.0,2862.11
14532.0,932.85
14533.0,1949.72
14534.0,4397.3
14535.0,2854.84
14536.0,170.95
14537.0,355.56
14538.0,388.25
14539.0,537.48
14540.0,952.66
14541.0,1453.35
14542.0,103.25
14543.0,3599.73
14544.0,2004.3
14546.0,2573.93
14547.0,3974.75
14548.0,652.8
14549.0,289.24
14550.0,757.37
14551.0,186.23
14552.0,164.22
14553.0,859.27
14554.0,2279.4900000000002
14555.0,312.54
14557.0,788.38
14560.0,2237.77
14561.0,1080.76
14562.0,5006.77
14565.0,3099.12
14566.0,1432.0
14567.0,1530.3600000000001
14569.0,227.39
14570.0,218.06
14572.0,2804.54
14573.0,1639.82
14576.0,35.400000000000006
14577.0,859.71
14578.0,168.63
14581.0,138.6
14582.0,114.11
14583.0,986.96
14584.0,1033.06
14585.0,157.05
14586.0,237.35999999999999
14587.0,1580.29
14589.0,39.75
14591.0,1320.21
14592.0,557.94
14593.0,617.15
14594.0,363.33
14595.0,1740.6000000000001
14597.0,866.24
14598.0,221.97
14600.0,393.33000000000004
14601.0,213.96
14603.0,660.0
14606.0,12076.15
14607.0,16209.5
14608.0,1785.15
14609.0,601.56
14616.0,406.08000000000004
14618.0,553.44
14619.0,394.44
14620.0,412.78000000000003
14621.0,1788.3600000000001
14622.0,320.58000000000004
14623.0,886.7
14624.0,225.85
14625.0,899.63
14626.0,2791.27
14628.0,671.96
14629.0,955.26
14631.0,1006.98
14632.0,114.56
14633.0,344.90000000000003
14636.0,609.85
14638.0,443.6
14639.0,2984.4900000000002
14640.0,2107.38
14641.0,110.46000000000001
14642.0,96.12
14643.0,693.8100000000001
14644.0,830.76
14645.0,597.09
14646.0,280206.02
14647.0,236.04000000000002
14649.0,1402.59
14651.0,653.75
14652.0,114.18
14653.0,1926.65
14655.0,1932.23
14656.0,291.05
14657.0,848.22
14658.0,247.15
14659.0,2529.93
14660.0,285.74
14661.0,107.95
14662.0,741.37
14664.0,636.24
14665.0,1835.7
14666.0,195.25
14667.0,9175.04
14669.0,1259.24
14670.0,392.86
14672.0,765.5500000000001
14673.0,1736.4
14675.0,596.36
14676.0,2548.2400000000002
14680.0,28754.11
14681.0,498.95
14682.0,52.0
14684.0,1201.51
14687.0,628.38
14688.0,5579.1
14689.0,112.80000000000001
14690.0,355.05
14691.0,2114.33
14692.0,591.55
14693.0,172.9
14696.0,2078.95
14697.0,188.61
14698.0,1217.27
14699.0,109.13000000000001
14700.0,2195.1
14701.0,2526.09
14702.0,3251.79
14703.0,318.17
14704.0,1493.96
14705.0,179.0
14708.0,1126.3700000000001
14709.0,4921.04
14710.0,599.48
14711.0,2839.62
14712.0,917.07
14713.0,2662.2
14714.0,160.19
14715.0,867.38
14716.0,307.51
14719.0,1581.84
14720.0,663.81
14722.0,180.42
14723.0,1122.36
14725.0,655.58
14727.0,268.58
14729.0,313.49
14730.0,1897.57
14731.0,380.02
14732.0,2702.4900000000002
14733.0,9585.91
14735.0,6065.6900000000005
14737.0,1164.55
14738.0,1314.45
14739.0,3902.28
14740.0,1448.21
14741.0,1400.3400000000001
14744.0,1099.98
14745.0,1220.26
14747.0,328.2
14748.0,1415.75
14752.0,389.64000000000004
14753.0,563.15
14754.0,638.05
14755.0,5010.28
14756.0,738.96
14757.0,420.5
14758.0,1484.06
14759.0,1625.97
14760.0,89.2
14761.0,255.9
14762.0,300.52
14764.0,278.3
14765.0,254.11
14766.0,2473.37
14768.0,192.60000000000002
14769.0,10416.98
14770.0,876.4200000000001
14772.0,139.26
14775.0,1011.9
14776.0,2538.2999999999997
14778.0,730.86
14779.0,386.15
14780.0,447.68
14782.0,200.10000000000002
14784.0,289.99
14785.0,77.4
14788.0,679.44
14789.0,197.64
14790.0,745.06
14792.0,6.2
14793.0,228.99
14794.0,1319.91
14795.0,131.45000000000002
14796.0,7975.49
14798.0,173.74
14799.0,157.7
14800.0,4331.79
14801.0,189.34
14803.0,845.5500000000001
14804.0,353.27
14805.0,546.4
14806.0,193.39000000000001
14808.0,2718.6
14810.0,2085.33
14813.0,152.88
14815.0,778.5
14816.0,271.85
14817.0,1110.34
14818.0,657.8
14819.0,272.07
14820.0,507.29
14821.0,48.800000000000004
14823.0,321.43
14824.0,1127.71
14825.0,2221.01
14828.0,2139.76
14829.0,697.55
14830.0,188.88
14834.0,1720.3
14836.0,102.45
14837.0,1649.5
14840.0,62.85
14841.0,3295.76
14842.0,2824.69
14844.0,3189.81
14847.0,309.40000000000003
14849.0,7930.54
14850.0,325.75
14851.0,511.35
14852.0,2836.69
14853.0,475.8
14854.0,2740.03
14855.0,645.65
14856.0,1290.53
14857.0,1173.1200000000001
14859.0,1353.74
14860.0,170.32
14861.0,125.79
14862.0,841.2
14863.0,266.76
14865.0,52.2
14866.0,14389.9
14867.0,710.28
14868.0,2953.59
14869.0,721.45
14870.0,327.25
14871.0,501.28000000000003
14873.0,519.68
14875.0,1465.32
14878.0,1476.09
14880.0,690.59
14881.0,255.4
14882.0,589.7
14883.0,761.59
14885.0,765.3199999999999
14886.0,364.8
14887.0,1862.0
14888.0,369.2
14889.0,135.9
14890.0,125.65
14891.0,554.38
14893.0,1237.8500000000001
14894.0,655.75
14895.0,11138.710000000001
14896.0,468.77000000000004
14897.0,1366.38
14898.0,1269.31
14901.0,1421.29
14902.0,332.66
14903.0,2795.33
14904.0,1025.44
14905.0,616.15
14907.0,3501.1
14908.0,277.8
14910.0,434.35
14911.0,143711.17
14912.0,867.85
14913.0,1227.43
14915.0,307.48
14916.0,1268.98
14918.0,1610.15
14920.0,977.77
14921.0,1316.07
14923.0,749.1
14924.0,310.05
14929.0,223.88
14930.0,2362.96
14931.0,1257.68
14932.0,363.53
14934.0,1890.94
14935.0,1784.71
14936.0,8137.02
14937.0,1621.88
14944.0,5900.25
14946.0,100.9
14947.0,290.82
14948.0,1101.97
14950.0,371.2
14951.0,311.69
14952.0,8099.49
14953.0,285.67
14954.0,294.85
14957.0,58.49
14958.0,483.73
14959.0,695.42
14960.0,221.27
14961.0,7044.68
14962.0,126.7
14963.0,1472.34
14964.0,206.21
14965.0,596.09
14966.0,183.02
14967.0,463.8
14968.0,147.59
14970.0,1592.06
14971.0,1097.98
14972.0,114.77
14973.0,1314.45
14974.0,89.94
14975.0,279.94
14976.0,790.86
14978.0,1921.3700000000001
14981.0,102.12
14984.0,202.37
14985.0,292.01
14987.0,326.4
14988.0,334.54
14995.0,231.98000000000002
14997.0,546.1999999999999
14998.0,414.87
15000.0,490.52
15002.0,1641.76
15004.0,1220.77
15005.0,6295.37
15006.0,480.38
15007.0,156.91
15009.0,1259.43
15010.0,308.94
15012.0,405.04
15014.0,257.67
15016.0,170.04
15017.0,125.58
15018.0,496.21
15019.0,252.81
15021.0,1871.77
15022.0,852.39
15023.0,6720.41
15024.0,1636.43
15025.0,361.96
15026.0,469.0
15027.0,1066.15
15028.0,627.13
15030.0,518.28
15031.0,653.19
15032.0,4959.1
15033.0,2557.18
15034.0,4274.16
15035.0,252.73000000000002
15036.0,429.56
15038.0,685.74
15039.0,19766.59
15041.0,179.93
15042.0,135.93
15043.0,537.0
15044.0,7634.7300000000005
15045.0,735.66
15046.0,5090.42
15047.0,343.62
15048.0,381.0
15049.0,121.17000000000002
15050.0,1737.69
15051.0,1383.36
15052.0,207.73000000000002
15053.0,693.95
15054.0,302.1
15057.0,1489.5
15058.0,2102.54
15059.0,1337.72
15060.0,294.25
15061.0,54534.14
15062.0,987.86
15063.0,370.79999999999995
15065.0,3158.13
15066.0,893.59
15067.0,1744.76
15068.0,553.36
15069.0,1109.53
15070.0,106.2
15071.0,982.07
15073.0,1043.41
15074.0,735.67
15075.0,773.03
15076.0,880.85
15078.0,9743.11
15079.0,895.61
15081.0,504.8
15083.0,88.2
15087.0,306.94
15088.0,1160.07
15089.0,2420.84
15090.0,381.32
15091.0,480.71
15092.0,457.81
15093.0,4597.02
15095.0,1370.6000000000001
15096.0,219.39000000000001
15097.0,248.08
15098.0,39916.5
15099.0,410.48
15100.0,876.0
15101.0,317.53000000000003
15103.0,703.36
15104.0,993.54
15105.0,2298.93
15106.0,1422.52
15107.0,319.5
15108.0,1300.25
15109.0,484.95
15110.0,996.1
15111.0,1567.48
15113.0,3509.43
15114.0,2760.56
15115.0,340.11
15116.0,1352.75
15117.0,1551.78
15118.0,244.8
15119.0,266.4
15120.0,358.82
15121.0,457.72
15122.0,1633.78
15123.0,2199.31
15124.0,184.19
15125.0,11528.48
15127.0,406.53000000000003
15128.0,1471.0
15129.0,3447.4
15130.0,330.11
15132.0,977.9300000000001
15133.0,982.42
15134.0,1387.99
15135.0,139.05
15136.0,1286.7
15139.0,178.96
15140.0,2354.25
15142.0,498.74
15143.0,259.45
15144.0,6580.4400000000005
15145.0,1194.73
15146.0,1327.16
15147.0,623.5
15148.0,301.29
15149.0,520.8000000000001
15150.0,5291.33
15152.0,4745.69
15153.0,329.25
15154.0,254.28
15156.0,961.49
15157.0,1936.07
15158.0,401.40000000000003
15159.0,18641.010000000002
15160.0,158.16
15163.0,304.47
15164.0,824.58
15165.0,487.75
15167.0,158.8
15168.0,106.56
15171.0,1289.5
15172.0,1624.05
15174.0,135.75
15175.0,224.14
15178.0,40.5
15179.0,2206.9500000000003
15180.0,87.5
15181.0,689.48
15182.0,622.85
15184.0,402.2
15185.0,310.62
15186.0,411.41
15187.0,4777.18
15189.0,16225.39
15192.0,1044.32
15193.0,499.32
15194.0,7616.53
15195.0,3861.0
15197.0,1079.61
15198.0,193.64
15199.0,1268.7
15201.0,1236.54
15203.0,1827.8
15204.0,316.58
15205.0,653.24
15206.0,420.3
15208.0,870.12
15210.0,331.18
15211.0,894.4100000000001
15212.0,101.8
15213.0,328.35
15214.0,1661.44
15215.0,734.94
15216.0,96.6
15218.0,5756.89
15219.0,305.75
15220.0,1778.96
15221.0,403.25
15222.0,585.0
15223.0,755.75
15224.0,322.08
15225.0,409.40000000000003
15226.0,154.41
15227.0,1219.4
15228.0,3386.71
15230.0,429.6
15232.0,612.06
15234.0,197.0
15235.0,2247.51
15236.0,321.05
15237.0,1412.32
15238.0,1071.99
15239.0,780.59
15240.0,1706.57
15241.0,1756.44
15243.0,316.68
15244.0,631.57
15245.0,2515.84
15246.0,514.15
15247.0,356.0
15249.0,6688.46
15251.0,10484.99
15252.0,740.78
15253.0,918.2
15254.0,300.36
15255.0,890.85
15256.0,98.45
15257.0,317.15
15258.0,623.16
15260.0,1810.77
15261.0,254.82
15262.0,178.95000000000002
15263.0,156.51
15264.0,393.74
15265.0,1506.1200000000001
15266.0,119.3
15267.0,1717.36
15269.0,408.8
15270.0,2379.49
15271.0,2493.34
15272.0,721.94
15274.0,716.57
15275.0,615.14
15276.0,128.63
15277.0,255.89999999999998
15279.0,290.51
15280.0,113.12
15281.0,2332.15
15286.0,240.55
15287.0,486.69
15288.0,2306.52
15289.0,939.78
15290.0,7943.22
15291.0,4668.3
15292.0,178.39
15296.0,3672.86
15297.0,641.94
15298.0,4799.9
15299.0,4507.01
15300.0,496.44
15301.0,5049.95
15303.0,574.02
15304.0,694.4
15306.0,1174.3500000000001
15307.0,205.3
15308.0,310.47
15311.0,60632.75
15312.0,924.85
15313.0,52.0
15314.0,327.97
15315.0,570.5
15316.0,165.0
15318.0,312.62
15319.0,204.5
15320.0,267.13
15321.0,2748.31
15322.0,679.68
15325.0,161.74
15326.0,311.71
15327.0,208.75
15329.0,1049.7
15330.0,714.9599999999999
15332.0,1661.06
15333.0,1028.56
15334.0,350.82
15335.0,170.22
15339.0,574.07
15341.0,2020.52
15342.0,406.09000000000003
15343.0,364.5
15344.0,563.94
15345.0,393.54
15346.0,252.42000000000002
15347.0,201.60000000000002
15348.0,158.04
15349.0,463.91
15350.0,115.65
15351.0,1934.66
15353.0,770.12
15355.0,277.05
15356.0,2718.03
15358.0,8347.2
15360.0,427.93
15361.0,418.92
15363.0,326.0
15364.0,913.19
15365.0,2314.32
15366.0,602.51
15367.0,1877.5900000000001
15368.0,446.94000000000005
15370.0,2386.05
15372.0,2007.4
15373.0,2415.91
15374.0,168.0
15376.0,1221.56
15379.0,3703.29
15380.0,1690.26
15381.0,596.85
15382.0,5955.71
15384.0,642.41
15385.0,316.88
15386.0,394.14
15388.0,140.54
15389.0,500.0
15392.0,1535.53
15393.0,231.86
15394.0,2183.54
15395.0,107.45
15396.0,288.18
15397.0,94.0
15398.0,1345.53
15399.0,815.77
15400.0,716.2
15402.0,626.77
15405.0,349.1
15406.0,510.71000000000004
15407.0,1046.74
15408.0,267.18
15410.0,3450.84
15411.0,1348.93
15412.0,190.53
15414.0,774.9000000000001
15415.0,559.61
15416.0,3984.32
15417.0,508.8
15419.0,135.86
15421.0,950.36
15422.0,97.7
15423.0,43.5
15424.0,383.34
15426.0,1404.07
15427.0,1430.54
15428.0,93.78
15429.0,397.35
15432.0,171.19000000000003
15433.0,533.3
15434.0,1041.48
15435.0,149.29
15436.0,1067.75
15437.0,200.16
15438.0,156.57999999999998
15440.0,383.68
15442.0,594.0
15443.0,3213.59
15444.0,1411.21
15445.0,113.5
15447.0,155.17000000000002
15448.0,494.64
15449.0,974.52
15450.0,429.84
15452.0,528.48
15453.0,1371.77
15454.0,179.1
15456.0,434.59
15457.0,237.07
15458.0,161.64
15460.0,214.26
15462.0,234.6
15463.0,126.14
15464.0,1044.65
15465.0,7354.62
15466.0,334.53
15467.0,524.88
15468.0,467.51
15469.0,538.55
15471.0,454.48
15472.0,371.56
15473.0,1771.2
15475.0,454.11
15478.0,1399.92
15480.0,905.5
15482.0,10879.76
15483.0,225.26
15484.0,3590.41
15485.0,2564.5
15488.0,91.32000000000001
15489.0,1134.28
15491.0,3100.09
15492.0,659.46
15493.0,1953.41
15494.0,1280.58
15497.0,1262.2
15498.0,13316.4
15500.0,1131.56
15502.0,10384.93
15503.0,141.04
15504.0,52.83
15505.0,3610.96
15506.0,972.08
15507.0,475.86
15508.0,1000.27
15510.0,250.0
15511.0,900.53
15512.0,121.0
15513.0,14758.22
15514.0,4023.7200000000003
15516.0,62.43
15517.0,267.03
15518.0,1921.55
15520.0,343.5
15521.0,3000.2
15522.0,397.99
15523.0,412.01000000000005
15524.0,440.0
15525.0,734.37
15526.0,148.44
15527.0,2428.53
15528.0,229.33
15529.0,3962.6
15530.0,1497.31
15531.0,1972.39
15532.0,1564.73
15533.0,807.57
15535.0,502.9
15537.0,110.92
15539.0,538.46
15540.0,213.3
15541.0,85.13000000000001
15543.0,127.86
15544.0,3546.71
15545.0,288.96999999999997
15547.0,4910.6
15549.0,1681.46
15550.0,575.63
15551.0,436.06
15552.0,90.12
15553.0,428.93
15554.0,217.2
15555.0,4794.86
15556.0,279.77
15557.0,468.91
15561.0,800.5899999999999
15562.0,134.55
15563.0,1400.44
15565.0,173.16000000000003
15567.0,186.01
15568.0,758.29
15569.0,1375.71
15570.0,4148.82
15571.0,650.4300000000001
15572.0,2533.42
15573.0,591.1899999999999
15574.0,675.64
15576.0,921.37
15577.0,258.88
15578.0,127.1
15579.0,327.6
15581.0,3675.77
15582.0,682.9100000000001
15584.0,720.86
15585.0,455.3
15587.0,913.68
15589.0,478.53
15592.0,388.58
15593.0,199.8
15594.0,1771.78
15596.0,1406.59
15597.0,324.57
15598.0,240.68
15599.0,761.74
15601.0,6776.56
15602.0,1297.8700000000001
15603.0,48.480000000000004
15604.0,216.39000000000001
15605.0,1198.23
15606.0,2920.16
15607.0,104.76
15608.0,1093.68
15609.0,298.48
15610.0,112.46000000000001
15611.0,1591.45
15612.0,195.15
15615.0,10399.74
15618.0,776.851
15619.0,336.4
15620.0,1553.18
15621.0,1293.03
15622.0,3709.56
15623.0,301.03000000000003
15624.0,588.13
15625.0,1534.26
15626.0,675.8
15628.0,2870.2400000000002
15630.0,1186.35
15632.0,3285.31
15634.0,243.55
15636.0,724.76
15637.0,223.36
15639.0,425.32
15640.0,12416.11
15641.0,1887.2
15643.0,664.0
15644.0,803.54
15645.0,612.01
15646.0,447.64000000000004
15648.0,639.5
15649.0,816.0
15651.0,646.3
15652.0,337.74
15653.0,877.44
15654.0,922.53
15655.0,560.6700000000001
15656.0,748.5
15657.0,30.0
15658.0,1024.1000000000001
15659.0,306.45
15660.0,1600.86
15661.0,309.8
15663.0,138.14
15664.0,386.43
15665.0,2222.21
15667.0,301.32000000000005
15668.0,76.32000000000001
15669.0,684.34
15670.0,173.05
15671.0,2657.13
15673.0,2726.23
15674.0,2446.6
15675.0,323.69
15676.0,3435.76
15677.0,657.23
15678.0,352.7
15679.0,781.28
15680.0,1333.68
15681.0,1426.16
15683.0,193.75
15687.0,2993.1
15689.0,254.1
15690.0,239.76
15691.0,136.8
15692.0,191.04
15694.0,6479.4
15695.0,409.98
15696.0,2711.11
15699.0,309.65
15700.0,696.68
15701.0,1529.0
15703.0,211.5
15704.0,2293.62
15705.0,143.1
15706.0,1060.56
15707.0,916.98
15708.0,3235.25
15709.0,133.25
15712.0,1072.3600000000001
15713.0,356.7
15714.0,330.03000000000003
15716.0,1101.11
15717.0,150.3
15719.0,5030.07
15720.0,598.73
15721.0,471.40000000000003
15722.0,2211.21
15723.0,190.70000000000002
15724.0,218.25
15725.0,415.25
15727.0,5159.06
15729.0,85.0
15730.0,1120.88
15732.0,294.12
15733.0,162.3
15734.0,1339.45
15737.0,1188.1200000000001
15738.0,4812.42
15739.0,449.12
15740.0,154.88
15743.0,775.96
15744.0,34.8
15745.0,1094.5900000000001
15746.0,196.88
15747.0,946.64
15748.0,144.36
15749.0,44534.3
15750.0,2463.05
15752.0,2626.6
15753.0,79.2
15754.0,458.57
15755.0,2364.25
15756.0,528.01
15757.0,714.42
15758.0,205.25
15759.0,253.04000000000002
15762.0,583.75
15763.0,1086.92
15764.0,3279.9700000000003
15766.0,315.06
15768.0,621.83
15769.0,56252.72
15773.0,635.6800000000001
15774.0,270.8
15775.0,104.9
15776.0,241.62
15777.0,1047.1100000000001
15780.0,475.28000000000003
15781.0,345.46000000000004
15782.0,2614.74
15783.0,246.3
15785.0,2328.9700000000003
15786.0,4919.0
15787.0,933.26
15789.0,351.3
15790.0,218.75
15791.0,1612.69
15793.0,965.61
15795.0,610.01
15796.0,2708.61
15797.0,2207.4
15799.0,884.14
15800.0,696.89
15801.0,1063.95
15802.0,451.42
15803.0,415.82000000000005
15804.0,4206.39
15805.0,5488.18
15806.0,784.58
15807.0,903.9
15808.0,3651.27
15809.0,515.77
15810.0,1391.98
15811.0,2218.62
15812.0,1801.14
15813.0,1303.9099999999999
15814.0,1945.3300000000002
15815.0,2100.6
15819.0,1905.45
15820.0,206.98
15821.0,570.96
15822.0,885.47
15823.0,15.0
15825.0,532.94
15826.0,1654.31
15827.0,1836.09
15829.0,636.14
15830.0,576.0
15831.0,794.64
15832.0,836.79
15834.0,2225.15
15835.0,954.09
15836.0,137.37
15837.0,391.98
15838.0,33643.08
15839.0,1048.49
15840.0,355.56
15841.0,1224.06
15843.0,118.95
15844.0,130.73999999999998
15845.0,3711.77
15847.0,389.27
15850.0,234.88
15852.0,160.71
15853.0,110.8
15854.0,2969.12
15855.0,712.24
15856.0,16143.64
15857.0,297.0
15858.0,1427.57
15860.0,965.16
15861.0,3146.92
15862.0,832.88
15863.0,68.84
15864.0,1936.32
15865.0,895.13
15866.0,211.89
15867.0,3810.14
15869.0,149.64
15870.0,351.44
15872.0,316.25
15874.0,4405.88
15877.0,490.33
15880.0,329.03
15881.0,501.39
15882.0,516.36
15883.0,396.48
15885.0,379.35
15886.0,181.09
15888.0,168.31
15889.0,420.07
15891.0,511.68
15894.0,258.25
15895.0,179.17
15897.0,208.59
15898.0,1383.83
15899.0,56.25
15900.0,337.28000000000003
15901.0,351.73
15903.0,5126.76
15904.0,164.68
15906.0,1567.69
15907.0,882.72
15909.0,191.94
15910.0,1228.88
15912.0,264.62
15916.0,1502.8600000000001
15917.0,123.1
15918.0,334.23
15919.0,525.69
15920.0,167.5
15921.0,323.03000000000003
15922.0,369.5
15923.0,127.08
15925.0,207.15
15930.0,426.63
15932.0,2495.87
15933.0,1107.46
15935.0,416.86
15937.0,145.35000000000002
15938.0,404.58000000000004
15939.0,6115.01
15940.0,35.8
15942.0,337.44
15944.0,325.1
15945.0,181.0
15947.0,1708.24
15948.0,955.24
15949.0,364.72
15950.0,1744.71
15951.0,708.22
15952.0,781.91
15953.0,1657.28
15955.0,4416.26
15957.0,428.89
15958.0,104.35
15963.0,470.76
15965.0,808.87
15967.0,397.68
15969.0,666.1
15970.0,314.09999999999997
15971.0,4199.85
15973.0,307.82000000000005
15974.0,3442.15
15975.0,371.01
15976.0,427.64
15977.0,1054.73
15978.0,1098.78
15980.0,2398.86
15981.0,3408.48
15983.0,1465.12
15984.0,2780.63
15985.0,1142.42
15986.0,168.12
15987.0,1432.77
15988.0,156.78
15990.0,792.11
15992.0,41.989999999999995
15993.0,2777.67
15994.0,414.27
15996.0,1032.58
15998.0,3080.22
16000.0,12393.7
16003.0,2735.37
16005.0,578.71
16006.0,101.4
16007.0,1693.81
16008.0,478.78
16009.0,972.11
16010.0,392.4
16011.0,3352.96
16012.0,1415.29
16013.0,37130.6
16014.0,646.83
16015.0,704.55
16016.0,1465.51
16017.0,211.88
16018.0,408.9
16019.0,3786.24
16020.0,851.01
16022.0,602.63
16023.0,719.81
16024.0,251.03
16025.0,439.65999999999997
16026.0,236.09
16027.0,934.62
16029.0,80850.84
16030.0,331.24
16031.0,547.9
16033.0,8778.82
16034.0,437.70000000000005
16036.0,758.9200000000001
16037.0,855.02
16038.0,471.78
16040.0,1313.55
16041.0,3166.4
16042.0,1177.47
16043.0,773.99
16045.0,1340.7
16048.0,256.44
16049.0,1074.81
16050.0,137.9
16052.0,362.06
16053.0,1511.95
16054.0,783.9
16055.0,134.8
16056.0,650.75
16057.0,2263.12
16059.0,1453.16
16062.0,1153.62
16063.0,335.32
16065.0,367.14
16066.0,1521.04
16070.0,852.15
16071.0,326.24
16072.0,584.3199999999999
16073.0,122.4
16076.0,2234.73
16078.0,79.2
16079.0,1352.0
16080.0,217.16
16081.0,2799.42
16083.0,1317.62
16084.0,436.18
16085.0,981.51
16086.0,1121.39
16091.0,315.06
16092.0,817.86
16093.0,17.0
16094.0,1078.23
16096.0,320.62
16097.0,185.04999999999998
16098.0,2005.63
16099.0,731.9
16101.0,1290.7
16102.0,1842.14
16103.0,1429.64
16104.0,298.21
16105.0,336.96
16106.0,108.38
16107.0,3204.1600000000003
16108.0,842.5
16109.0,611.88
16110.0,1320.95
16112.0,195.74
16113.0,161.38
16114.0,135.75000000000003
16115.0,1660.8799999999999
16116.0,612.78
16117.0,232.21
16119.0,423.36
16120.0,1309.14
16121.0,854.66
16122.0,684.42
16123.0,307.78000000000003
16124.0,249.0
16125.0,289.35
16126.0,6287.77
16127.0,656.25
16128.0,1880.22
16131.0,3506.54
16133.0,14589.04
16134.0,618.09
16135.0,517.55
16136.0,709.38
16139.0,635.4100000000001
16140.0,725.1800000000001
16141.0,620.4
16142.0,535.34
16143.0,2424.94
16144.0,175.2
16145.0,3799.4900000000002
16146.0,734.13
16147.0,375.0
16148.0,76.32000000000001
16149.0,280.52
16150.0,2053.02
16152.0,1829.04
16153.0,1824.23
16156.0,3092.04
16157.0,656.69
16159.0,348.2
16160.0,1025.44
16161.0,5533.67
16162.0,37.4
16163.0,856.6
16164.0,822.48
16168.0,3787.6
16169.0,1822.97
16170.0,1885.05
16171.0,73.19999999999999
16172.0,1140.21
16173.0,1418.32
16174.0,1009.55
16175.0,1037.5900000000001
16177.0,331.95
16178.0,197.9
16179.0,215.83
16180.0,10254.18
16181.0,305.54
16182.0,6617.65
16183.0,338.71000000000004
16184.0,1158.79
16185.0,529.41
16186.0,4006.94
16187.0,6911.4400000000005
16188.0,981.86
16189.0,215.48
16190.0,215.08
16191.0,5180.52
16193.0,314.45
16198.0,400.68100000000004
16200.0,1068.8700000000001
16201.0,1863.47
16202.0,365.27
16203.0,592.9
16204.0,384.18
16205.0,757.63
16206.0,537.0600000000001
16207.0,394.38
16208.0,664.26
16209.0,2262.62
16210.0,21086.3
16211.0,547.02
16212.0,690.34
16213.0,159.0
16214.0,1062.75
16215.0,242.35
16216.0,914.9300000000001
16217.0,304.25
16218.0,3084.68
16221.0,860.86
16222.0,773.55
16224.0,1295.3
16225.0,1096.32
16226.0,255.12
16227.0,314.22
16229.0,1010.6
16230.0,542.03
16232.0,990.88
16233.0,536.6800000000001
16235.0,867.3100000000001
16236.0,432.2
16239.0,414.2
16240.0,3718.8
16241.0,2590.31
16242.0,3579.86
16243.0,409.1
16244.0,1522.75
16245.0,1413.66
16247.0,114.56
16248.0,152.94
16249.0,1800.07
16250.0,389.44
16253.0,3683.86
16255.0,2619.91
16256.0,752.4300000000001
16257.0,46.95
16258.0,5203.51
16260.0,1035.45
16261.0,728.54
16265.0,5447.0
16266.0,861.89
16268.0,667.65
16270.0,1141.24
16271.0,1404.64
16272.0,411.7
16274.0,351.75
16275.0,559.87
16276.0,810.6
16278.0,566.38
16279.0,1502.78
16281.0,2062.06
16282.0,168.3
16283.0,1570.81
16284.0,812.68
16287.0,142.5
16292.0,302.25
16293.0,2248.9900000000002
16295.0,1328.55
16297.0,301.9
16298.0,598.2
16302.0,233.22
16303.0,5360.63
16305.0,361.22
16306.0,632.27
16308.0,2560.0
16309.0,706.57
16311.0,616.26
16313.0,274.15000000000003
16315.0,226.37
16316.0,2938.91
16317.0,1341.65
16318.0,328.15000000000003
16319.0,404.40000000000003
16320.0,1038.46
16321.0,373.65000000000003
16322.0,326.75
16323.0,207.50000000000003
16324.0,408.59000000000003
16325.0,594.24
16326.0,3039.2200000000003
16327.0,3820.27
16330.0,251.91
16332.0,1582.8
16333.0,26626.8
16337.0,151.05
16338.0,214.8
16339.0,94.05
16340.0,534.31
16341.0,1971.8700000000001
16342.0,322.41
16343.0,328.58
16344.0,101.10000000000001
16345.0,565.46
16347.0,847.45
16348.0,1415.65
16349.0,53.5
16350.0,1116.47
16351.0,153.9
16352.0,494.44
16353.0,6675.71
16354.0,395.8
16356.0,211.77
16357.0,658.88
16358.0,2027.5
16359.0,1750.92
16360.0,3450.41
16361.0,891.21
16362.0,709.99
16363.0,109.36000000000001
16364.0,705.79
16365.0,1540.42
16366.0,327.3
16367.0,800.67
16368.0,479.91
16369.0,1545.41
16370.0,1301.91
16372.0,355.73
16374.0,466.73
16376.0,974.96
16377.0,676.2
16378.0,362.95
16379.0,2157.4
16380.0,1743.1499999999999
16383.0,643.76
16384.0,584.5
16385.0,554.86
16386.0,302.57
16387.0,94.36
16389.0,1382.0700000000002
16392.0,217.89000000000001
16393.0,3040.96
16394.0,1555.34
16395.0,1482.06
16398.0,1705.8
16399.0,408.02
16400.0,303.93
16401.0,4098.32
16402.0,293.45
16403.0,177.5
16404.0,443.05
16405.0,167.25
16406.0,154.35
16407.0,2079.68
16409.0,2022.98
16411.0,211.7
16412.0,135.99
16413.0,262.2
16414.0,126.25
16415.0,200.27
16416.0,1051.4
16418.0,631.12
16419.0,958.71
16422.0,34684.4
16423.0,346.12
16424.0,133.56
16425.0,302.7
16426.0,1863.76
16427.0,241.06
16429.0,284.55
16430.0,300.85
16431.0,623.28
16432.0,287.40000000000003
16433.0,184.26
16434.0,1511.8
16438.0,798.35
16440.0,3640.67
16441.0,381.2
16442.0,609.3
16444.0,654.67
16445.0,230.51
16446.0,168472.5
16447.0,255.91
16448.0,182.99
16449.0,707.69
16450.0,311.92
16451.0,266.97
16454.0,6.9
16455.0,1841.18
16456.0,2158.18
16457.0,208.36
16458.0,3482.7400000000002
16460.0,811.23
16461.0,142.92
16462.0,136.0
16463.0,1422.4
16464.0,1298.66
16466.0,1595.96
16468.0,74.9
16469.0,625.42
16470.0,752.77
16471.0,223.95000000000002
16473.0,316.11
16474.0,1810.65
16475.0,544.3
16477.0,2494.46
16478.0,331.0
16479.0,300.83
16480.0,769.29
16482.0,220.62
16483.0,139.35
16484.0,404.3
16485.0,363.65
16488.0,498.8
16491.0,731.5
16493.0,1351.63
16494.0,826.53
16495.0,648.26
16496.0,1599.52
16497.0,2965.69
16498.0,100.97
16499.0,365.45
16500.0,400.86
16503.0,1431.93
16504.0,465.88
16505.0,777.6
16506.0,90.30000000000001
16509.0,363.70000000000005
16510.0,248.1
16511.0,918.33
16513.0,874.59
16515.0,1624.14
16516.0,101.69999999999999
16517.0,162.70000000000002
16518.0,484.32
16519.0,215.07999999999998
16520.0,1046.57
16523.0,9418.470000000001
16525.0,13027.45
16526.0,290.36
16527.0,228.06
16528.0,244.41
16529.0,455.25
16531.0,1244.59
16532.0,6748.8
16533.0,1082.81
16535.0,593.75
16536.0,548.12
16539.0,1388.81
16542.0,119.62
16545.0,339.3
16546.0,787.15
16549.0,4034.9
16550.0,2298.97
16551.0,922.12
16552.0,379.73
16553.0,5719.82
16554.0,837.1
16555.0,285.89
16556.0,3313.79
16557.0,281.85
16558.0,8338.49
16560.0,841.41
16561.0,511.12
16563.0,1077.74
16565.0,173.7
16566.0,614.66
16567.0,865.6
16569.0,124.2
16570.0,3738.4
16571.0,1421.69
16572.0,1009.6
16573.0,663.61
16574.0,451.44
16581.0,105.84
16582.0,313.62
16583.0,233.45
16584.0,936.08
16586.0,463.95
16587.0,225.15
16589.0,459.24
16591.0,213.5
16592.0,4113.68
16593.0,330.03
16594.0,181.09
16595.0,360.16
16596.0,250.15
16597.0,90.04
16598.0,145.05
16600.0,813.52
16601.0,242.7
16602.0,528.08
16603.0,482.47
16607.0,3347.71
16609.0,5493.46
16610.0,75.66
16611.0,129.49
16612.0,1187.66
16613.0,618.59
16614.0,506.19
16616.0,500.42
16617.0,151.85
16618.0,2647.59
16619.0,226.21
16620.0,178.96
16621.0,813.48
16623.0,129.45000000000002
16624.0,810.57
16625.0,333.08
16626.0,4413.1
16627.0,322.8
16628.0,2188.05
16629.0,408.63
16633.0,2883.1
16634.0,217.9
16637.0,1154.47
16638.0,1680.72
16639.0,1257.51
16641.0,231.1
16642.0,688.33
16643.0,487.51
16644.0,833.78
16647.0,214.06
16648.0,290.66
16650.0,518.42
16652.0,6773.97
16653.0,1212.66
16654.0,601.27
16655.0,3789.52
16656.0,8625.8
16657.0,874.43
16658.0,123.24
16659.0,39.12
16660.0,1267.65
16665.0,135.4
16666.0,118.98
16667.0,567.1800000000001
16668.0,306.72
16669.0,1348.88
16670.0,4095.9
16671.0,1692.27
16672.0,8134.9400000000005
16674.0,304.24
16676.0,1592.12
16678.0,3109.99
16679.0,129.75
16680.0,183.7
16681.0,1770.3400000000001
16682.0,1028.0
16684.0,66653.56
16685.0,324.24
16686.0,2959.88
16688.0,1260.8600000000001
16689.0,422.6
16690.0,225.58
16692.0,1276.0
16693.0,477.86
16696.0,657.9
16697.0,112.75
16698.0,1998.0
16700.0,5076.55
16701.0,5398.3
16705.0,14034.99
16706.0,531.35
16708.0,656.63
16709.0,3029.87
16710.0,2467.9900000000002
16711.0,1651.03
16712.0,3611.31
16713.0,6910.78
16714.0,1129.06
16715.0,301.71999999999997
16716.0,901.2
16717.0,3843.08
16718.0,606.0500000000001
16719.0,1770.22
16720.0,152.95
16721.0,292.47
16722.0,4730.81
16723.0,576.4
16725.0,758.27
16726.0,1358.74
16727.0,256.32
16728.0,1048.28
16729.0,7205.33
16730.0,743.11
16732.0,603.75
16734.0,646.76
16735.0,2247.41
16737.0,417.6
16738.0,3.75
16739.0,323.0
16742.0,464.9
16743.0,2213.13
16744.0,1291.91
16745.0,7180.7
16746.0,6680.11
16747.0,836.0600000000001
16748.0,1515.9
16750.0,623.93
16751.0,1764.72
16752.0,207.5
16753.0,223.92000000000002
16754.0,2002.4
16755.0,1475.43
16756.0,239.4
16757.0,106.83000000000001
16758.0,369.34000000000003
16759.0,789.79
16761.0,316.62
16762.0,1207.24
16763.0,611.8499999999999
16764.0,2790.9500000000003
16765.0,34.0
16766.0,1145.6
16767.0,5575.56
16768.0,478.09000000000003
16769.0,361.54
16770.0,757.1
16771.0,2242.61
16773.0,171.59
16774.0,661.52
16775.0,1691.51
16776.0,371.54
16777.0,222.62
16778.0,245.94
16779.0,10611.72
16780.0,422.24
16781.0,311.25
16782.0,2267.9500000000003
16784.0,107.6
16788.0,594.39
16789.0,80.80000000000001
16790.0,1545.6200000000001
16791.0,1705.78
16792.0,110.38
16793.0,243.84
16794.0,1196.5
16795.0,414.88
16796.0,305.62
16800.0,1162.65
16801.0,1594.23
16803.0,332.3
16804.0,536.99
16805.0,460.59000000000003
16806.0,762.16
16807.0,1121.59
16808.0,288.42
16809.0,914.69
16810.0,309.54
16811.0,547.07
16812.0,479.35
16813.0,1652.18
16814.0,6416.7
16816.0,417.06
16817.0,1604.75
16818.0,3349.57
16820.0,497.61
16823.0,358.38
16824.0,460.64
16825.0,775.18
16826.0,341.7
16828.0,128.5
16829.0,197.22
16830.0,325.91
16832.0,199.15
16833.0,1106.53
16834.0,413.46
16835.0,180.85
16836.0,251.87
16837.0,3170.98
16838.0,588.85
16839.0,16594.35
16841.0,1869.82
16842.0,1264.19
16843.0,10196.57
16846.0,214.32
16847.0,193.44
16848.0,281.42
16849.0,124.57
16850.0,332.41
16851.0,342.45
16852.0,144.91
16855.0,328.40000000000003
16856.0,35.400000000000006
16858.0,375.69000000000005
16859.0,747.81
16861.0,173.76
16863.0,502.8
16866.0,207.74
16869.0,817.12
16871.0,2812.34
16872.0,680.02
16873.0,7123.62
16875.0,2095.53
16877.0,846.62
16878.0,13.3
16880.0,1491.43
16881.0,432.0
16882.0,705.12
16883.0,272.48
16884.0,429.84
16885.0,450.41
16887.0,192.32999999999998
16889.0,1578.67
16891.0,742.43
16892.0,518.19
16893.0,145.93
16895.0,202.27
16897.0,289.78
16898.0,501.03000000000003
16899.0,1271.06
16900.0,887.11
16902.0,1706.88
16903.0,363.2
16904.0,3653.75
16905.0,3037.6
16906.0,559.59
16907.0,928.76
16909.0,379.14
16910.0,1508.96
16912.0,2555.58
16913.0,113.44
16914.0,183.76
16915.0,621.6800000000001
16916.0,562.41
16917.0,391.52
16918.0,1068.82
16919.0,2592.25
16921.0,154.18
16923.0,7069.08
16924.0,829.89
16926.0,230.25
16927.0,543.05
16928.0,2814.7
16929.0,1295.39
16930.0,378.89
16931.0,4554.87
16932.0,150.23000000000002
16933.0,563.23
16934.0,931.03
16936.0,261.9
16938.0,2711.6800000000003
16940.0,3049.88
16942.0,1904.99
16943.0,816.73
16945.0,4345.5
16947.0,406.48
16948.0,435.02
16949.0,1286.27
16950.0,1178.56
16951.0,1277.75
16952.0,167.61
16953.0,20.8
16954.0,2085.08
16955.0,518.67
16956.0,308.74
16957.0,416.64
16959.0,117.35000000000001
16960.0,507.05
16961.0,234.17000000000002
16963.0,110.55000000000001
16965.0,201.19
16966.0,2154.97
16967.0,319.02
16968.0,439.43
16969.0,650.41
16971.0,357.21
16976.0,251.51999999999998
16978.0,344.33
16979.0,1852.0
16980.0,1028.46
16982.0,384.06
16983.0,1905.87
16984.0,4459.52
16985.0,5464.12
16986.0,1873.2
16987.0,1616.8
16988.0,126.12
16989.0,1133.25
16990.0,179.0
16992.0,1614.31
16996.0,1456.96
16997.0,702.0
16998.0,295.0
16999.0,484.82
17001.0,3989.57
17002.0,1493.73
17004.0,1312.1399999999999
17006.0,781.78
17007.0,889.9300000000001
17010.0,195.36
17011.0,270.9
17014.0,583.4300000000001
17015.0,1838.61
17017.0,8694.26
17018.0,920.1
17019.0,1258.08
17022.0,71.0
17024.0,95.85
17025.0,357.77
17026.0,154.83
17027.0,877.5600000000001
17029.0,716.0
17030.0,146.87
17031.0,380.35
17033.0,1030.14
17034.0,745.52
17035.0,433.53000000000003
17037.0,1267.32
17038.0,112.4
17040.0,449.73
17041.0,1071.49
17042.0,1036.58
17043.0,1735.18
17044.0,948.48
17045.0,339.44
17046.0,642.02
17047.0,1100.9
17048.0,925.35
17049.0,5655.03
17050.0,3185.64
17051.0,240.89
17052.0,399.09
17053.0,498.48
17054.0,1356.33
17058.0,1179.89
17059.0,3080.39
17060.0,234.24
17061.0,5232.2300000000005
17062.0,533.33
17063.0,1461.14
17064.0,855.45
17068.0,4552.14
17069.0,2709.7000000000003
17070.0,304.24
17071.0,2429.03
17073.0,1446.09
17075.0,834.12
17076.0,841.0799999999999
17078.0,378.2
17079.0,118.80000000000001
17080.0,287.62
17081.0,288.91
17082.0,2003.8500000000001
17083.0,1405.78
17084.0,2747.9900000000002
17085.0,1562.4
17086.0,2050.08
17088.0,1991.01
17090.0,1974.65
17091.0,3827.76
17092.0,1774.03
17094.0,302.0
17095.0,1324.16
17096.0,1022.13
17097.0,954.42
17100.0,971.74
17101.0,1621.73
17102.0,25.5
17105.0,665.78
17107.0,10797.48
17109.0,881.29
17110.0,163.29999999999998
17111.0,231.61
17114.0,801.12
17115.0,837.5
17117.0,116.2
17118.0,157.02
17119.0,606.91
17120.0,307.46
17122.0,138.32
17123.0,345.3
17124.0,294.24
17125.0,230.5
17126.0,989.45
17128.0,157.09
17131.0,2463.17
17133.0,4892.240000000001
17134.0,413.2
17135.0,1139.73
17138.0,380.5
17139.0,10650.77
17140.0,454.12
17142.0,579.0
17144.0,984.57
17146.0,749.78
17147.0,1714.59
17148.0,124.88
17152.0,1689.5
17153.0,213.78
17154.0,329.34
17155.0,251.7
17157.0,319.0
17158.0,1266.97
17159.0,1538.88
17160.0,3518.03
17162.0,1715.46
17163.0,293.1
17164.0,2467.35
17165.0,158.68
17166.0,206.34
17169.0,835.78
17171.0,224.91
17172.0,317.76
17173.0,3766.6
17174.0,59.9
17175.0,1443.69
17176.0,306.13
17179.0,711.79
17180.0,783.97
17181.0,239.92000000000002
17183.0,3347.31
17186.0,144.0
17187.0,203.95
17188.0,2474.23
17189.0,383.75
17190.0,444.74
17191.0,2093.68
17193.0,1699.3
17194.0,262.62
17197.0,1013.01
17198.0,692.22
17201.0,289.78000000000003
17203.0,3560.08
17204.0,1564.56
17205.0,384.08
17206.0,204.24
17211.0,2317.2200000000003
17212.0,226.85
17213.0,2781.23
17214.0,1059.1200000000001
17217.0,113.5
17218.0,1951.97
17219.0,114.23
17220.0,3187.55
17221.0,334.48
17222.0,328.65
17223.0,416.89
17226.0,393.49
17227.0,939.32
17228.0,1906.09
17229.0,318.76
17230.0,3638.41
17231.0,3124.72
17232.0,417.77
17233.0,190.88
17234.0,149.89
17235.0,550.0600000000001
17236.0,916.13
17237.0,314.69
17238.0,3719.1
17239.0,382.5
17242.0,1135.04
17243.0,8540.05
17244.0,954.9
17245.0,171.45000000000002
17247.0,280.09000000000003
17248.0,318.65
17250.0,381.97
17251.0,269.83
17252.0,348.90999999999997
17253.0,178.26
17254.0,271.19
17255.0,291.48
17256.0,240.0
17259.0,581.23
17262.0,1253.3600000000001
17263.0,63.440000000000005
17265.0,550.01
17266.0,296.58
17267.0,317.2
17268.0,763.64
17272.0,2148.63
17274.0,107.82
17277.0,1065.3500000000001
17278.0,246.04000000000002
17279.0,187.82999999999998
17282.0,1685.46
17284.0,1647.48
17286.0,151.37
17287.0,1049.06
17288.0,1417.6299999999999
17289.0,931.02
17290.0,513.01
17291.0,550.8000000000001
17293.0,1854.06
17295.0,547.0
17297.0,128.18
17298.0,498.42
17299.0,656.61
17301.0,163.24
17302.0,1135.63
17303.0,250.04
17306.0,8631.31
17309.0,82.75
17311.0,1384.85
17312.0,644.3
17313.0,2328.84
17314.0,2527.92
17315.0,6281.2300000000005
17317.0,2600.34
17320.0,1200.6200000000001
17321.0,657.16
17323.0,906.52
17324.0,986.48
17325.0,96.8
17329.0,523.11
17330.0,363.9
17331.0,175.2
17333.0,494.25
17334.0,307.02000000000004
17337.0,1981.06
17338.0,6493.54
17339.0,243.36
17340.0,12353.29
17341.0,682.29
17343.0,193.64
17344.0,157.62
17345.0,519.6899999999999
17346.0,2622.88
17347.0,228.96
17348.0,1156.6
17349.0,98.25
17350.0,1281.32
17351.0,587.15
17353.0,1740.0
17354.0,1393.06
17356.0,178.22
17357.0,384.39
17358.0,360.81
17359.0,127.86
17360.0,568.24
17361.0,488.2
17362.0,312.23
17364.0,4462.68
17365.0,4767.36
17367.0,167.55
17368.0,1878.87
17370.0,446.18
17371.0,418.4
17372.0,1337.18
17373.0,646.92
17374.0,495.77
17375.0,400.1
17376.0,203.2
17377.0,4058.32
17379.0,389.71999999999997
17381.0,20275.61
17382.0,65.4
17383.0,193.39000000000001
17384.0,336.4
17385.0,256.11
17386.0,2686.42
17387.0,746.81
17388.0,1259.56
17389.0,31833.68
17391.0,508.8
17392.0,417.27
17394.0,203.86999999999998
17396.0,7330.8
17397.0,681.41
17398.0,653.38
17400.0,2097.84
17402.0,2633.85
17403.0,263.92
17404.0,31906.82
17405.0,1031.41
17406.0,2184.42
17408.0,32.65
17409.0,771.85
17410.0,1214.72
17411.0,778.94
17412.0,1258.06
17414.0,778.0
17415.0,507.84
17416.0,6893.42
17418.0,463.46000000000004
17419.0,4226.57
17420.0,598.83
17422.0,1979.37
17423.0,698.41
17425.0,759.1700000000001
17426.0,5037.26
17427.0,100.8
17428.0,17256.85
17429.0,524.9200000000001
17430.0,265.76
17431.0,403.3
17432.0,365.76
17433.0,303.16
17434.0,2373.82
17436.0,216.3
17438.0,388.45000000000005
17440.0,186.42000000000002
17442.0,2248.56
17443.0,534.24
17444.0,2940.04
17446.0,120.89999999999999
17447.0,541.53
17449.0,2519.21
17450.0,194390.79
17451.0,1721.4
17453.0,486.72
17454.0,517.53
17455.0,131.7
17456.0,249.86
17457.0,1737.7
17458.0,316.5
17459.0,657.3
17460.0,622.4300000000001
17461.0,735.82
17462.0,675.69
17463.0,1875.8600000000001
17464.0,289.96000000000004
17466.0,763.28
17468.0,137.0
17469.0,1870.97
17470.0,1125.07
17472.0,697.54
17475.0,194.37
17480.0,511.82
17481.0,1255.59
17483.0,414.04
17486.0,396.87
17489.0,376.64
17490.0,2092.32
17491.0,3558.87
17492.0,374.57
17495.0,497.56
17496.0,271.05
17498.0,272.21999999999997
17499.0,622.88
17500.0,1138.0
17501.0,288.6
17502.0,689.1
17503.0,558.96
17504.0,2997.03
17505.0,1145.8400000000001
17506.0,302.2
17507.0,605.58
17508.0,387.31
17509.0,6083.64
17510.0,308.48
17511.0,91062.38
17512.0,2924.9900000000002
17513.0,513.2
17514.0,208.65
17515.0,639.02
17516.0,764.88
17517.0,153.94
17519.0,1844.02
17520.0,546.81
17521.0,723.21
17522.0,1070.71
17523.0,652.74
17524.0,145.0
17525.0,422.7
17526.0,1195.8999999999999
17527.0,939.37
17528.0,3628.5
17530.0,2367.12
17531.0,296.7
17534.0,223.36
17535.0,164.4
17536.0,76.5
17537.0,887.6700000000001
17538.0,98.42
17540.0,578.9
17542.0,170.75
17545.0,642.32
17548.0,103.3
17549.0,148.86
17550.0,267.16
17551.0,290.34
17552.0,930.41
17553.0,1487.6
17554.0,1952.45
17555.0,480.31
17556.0,157.9
17557.0,541.46
17560.0,854.95
17561.0,165.12
17562.0,1122.38
17564.0,454.01
17566.0,869.77
17567.0,4331.48
17569.0,344.14
17571.0,1425.67
17572.0,226.75000000000003
17573.0,380.6
17574.0,185.65
17576.0,3564.83
17578.0,143.45999999999998
17579.0,448.90000000000003
17580.0,215.72
17581.0,11025.24
17582.0,175.27
17584.0,1242.3
17585.0,1116.68
17588.0,1240.2
17589.0,2404.17
17590.0,1468.02
17591.0,2203.67
17593.0,3923.86
17594.0,993.1800000000001
17595.0,386.69
17596.0,2806.69
17597.0,2044.3700000000001
17600.0,161.67000000000002
17601.0,116.00999999999999
17602.0,5054.42
17603.0,394.72
17604.0,309.36
17608.0,191.99
17609.0,1105.78
17611.0,3961.12
17612.0,2048.45
17613.0,4544.55
17614.0,386.32
17615.0,329.6
17616.0,571.1999999999999
17618.0,930.28
17619.0,214.37
17620.0,81.44
17621.0,1379.9
17623.0,527.05
17624.0,843.48
17625.0,2020.4
17628.0,75.75
17629.0,1814.1200000000001
17630.0,503.6
17631.0,528.33
17633.0,1324.84
17634.0,2358.59
17636.0,285.56
17637.0,547.0600000000001
17639.0,108.5
17640.0,621.66
17642.0,712.29
17643.0,101.55
17644.0,2895.64
17646.0,1008.39
17647.0,133.06
17648.0,1797.5
17649.0,868.49
17650.0,166.07999999999998
17651.0,3945.0
17652.0,4867.72
17653.0,1207.56
17654.0,117.55
17655.0,2638.94
17656.0,1674.69
17658.0,595.42
17659.0,2999.46
17660.0,178.75
17663.0,1802.91
17664.0,604.64
17666.0,728.16
17667.0,2055.51
17668.0,347.75
17669.0,3406.7200000000003
17670.0,205.7
17671.0,1572.71
17672.0,3178.17
17673.0,1594.97
17674.0,551.04
17675.0,20374.28
17676.0,1371.18
17677.0,16345.38
17678.0,298.11
17679.0,1992.1100000000001
17680.0,184.4
17682.0,2474.33
17684.0,239.41
17685.0,3155.83
17686.0,5739.46
17690.0,4726.8
17691.0,290.40000000000003
17692.0,740.94
17693.0,200.47
17694.0,283.12
17695.0,765.34
17696.0,2285.71
17697.0,338.95
17698.0,154.95
17700.0,2534.64
17701.0,417.95
17702.0,1824.37
17703.0,798.74
17704.0,885.19
17705.0,1823.52
17706.0,10504.49
17707.0,152.4
17708.0,263.33
17709.0,137.45
17711.0,385.1
17712.0,522.91
17714.0,153.0
17715.0,326.4
17716.0,5655.99
17718.0,139.35
17719.0,5396.04
17720.0,1195.94
17722.0,2424.04
17723.0,3276.4000000000005
17724.0,1033.0
17725.0,3439.08
17727.0,1060.25
17728.0,2876.01
17730.0,5298.4800000000005
17731.0,1240.11
17732.0,303.97
17733.0,692.19
17734.0,700.63
17735.0,13110.02
17736.0,377.44
17737.0,168.24
17738.0,1879.05
17739.0,2791.35
17742.0,355.11
17744.0,2322.4
17746.0,110.25
17747.0,71.4
17749.0,674.52
17750.0,1710.45
17752.0,80.64
17754.0,1664.6499999999999
17757.0,5593.39
17758.0,3408.2
17759.0,819.96
17760.0,287.59
17761.0,712.78
17763.0,15.0
17764.0,772.55
17765.0,367.63
17767.0,271.2
17768.0,2081.9
17769.0,3957.43
17770.0,1143.27
17771.0,245.81
17772.0,173.45
17774.0,1213.73
17775.0,56.4
17777.0,647.56
17779.0,650.32
17781.0,188.02
17783.0,283.47
17785.0,131.94
17786.0,266.85
17787.0,1817.54
17788.0,1117.9
17789.0,225.9
17790.0,1964.3
17791.0,106.1
17793.0,300.34
17795.0,342.83
17796.0,690.0
17797.0,780.43
17799.0,3039.17
17800.0,1187.21
17802.0,1285.04
17805.0,512.31
17806.0,546.04
17809.0,5411.91
17811.0,7761.82
17812.0,699.81
17813.0,1698.07
17816.0,36.56
17817.0,387.68
17819.0,3704.87
17824.0,298.4
17827.0,1987.33
17828.0,1820.09
17829.0,889.24
17830.0,398.7
17831.0,35.400000000000006
17832.0,155.37
17835.0,342.24
17836.0,110.21000000000001
17837.0,1541.23
17838.0,2720.8
17839.0,318.15
17841.0,40519.84
17843.0,205.48
17844.0,51.559999999999995
17846.0,2033.1
17848.0,901.2
17849.0,605.8000000000001
17850.0,5391.21
17852.0,114.34
17854.0,311.26
17855.0,208.97
17856.0,1418.03
17857.0,26879.04
17858.0,5140.66
17859.0,141.92
17860.0,226.45000000000002
17861.0,2097.88
17862.0,330.9
17863.0,3160.0
17864.0,554.85
17865.0,10526.32
17866.0,329.65000000000003
17867.0,1157.8700000000001
17869.0,428.18
17870.0,1865.8899999999999
17871.0,155.9
17873.0,1848.96
17874.0,683.46
17877.0,237.61
17878.0,379.45
17879.0,178.52
17880.0,458.92
17881.0,133.35
17883.0,664.34
17884.0,695.07
17885.0,156.34
17886.0,869.28
17887.0,111.35
17888.0,716.0
17889.0,201.37
17890.0,586.89
17891.0,203.85999999999999
17892.0,244.1
17893.0,107.21
17894.0,1118.96
17895.0,95.45
17896.0,256.32
17897.0,541.81
17898.0,152.06
17899.0,154.55
17900.0,112.19999999999999
17901.0,110.38
17904.0,181.07
17905.0,798.99
17906.0,72.9
17908.0,232.03
17911.0,366.23
17912.0,310.06
17913.0,408.65
17914.0,329.36
17917.0,335.03
17919.0,1304.04
17920.0,4119.5
17921.0,820.23
17923.0,207.50000000000003
17924.0,2962.5
17925.0,244.08
17926.0,397.29
17928.0,212.54
17929.0,843.0
17930.0,1740.48
17931.0,408.36
17932.0,1331.57
17934.0,704.25
17935.0,145.79
17936.0,380.13
17937.0,4301.22
17939.0,99.14
17940.0,4020.04
17941.0,304.56
17942.0,77.50000000000001
17946.0,149.57999999999998
17947.0,176.68
17948.0,358.56000000000006
17949.0,58510.48
17950.0,482.2
17951.0,1008.5400000000001
17954.0,2314.13
17955.0,557.3
17956.0,12.75
17957.0,111.68
17958.0,508.46000000000004
17960.0,73.78
17961.0,1296.44
17962.0,102.41
17964.0,463.21
17965.0,2599.19
17966.0,1098.43
17967.0,112.27
17968.0,265.1
17969.0,228.2
17970.0,562.79
17972.0,135.19
17973.0,337.04
17974.0,703.99
17975.0,4483.26
17976.0,321.79
17977.0,288.14
17978.0,300.91999999999996
17979.0,732.41
17980.0,811.45
17984.0,152.68
17985.0,631.35
17986.0,20.8
17987.0,198.57
17988.0,201.12
17990.0,630.84
17991.0,93.35
17994.0,674.89
17995.0,76.1
17997.0,1962.46
17999.0,380.39
18001.0,415.13
18004.0,157.92
18005.0,226.47
18006.0,444.68
18008.0,2116.19
18009.0,247.39
18010.0,174.8
18011.0,102.78999999999999
18013.0,187.29
18014.0,162.22
18015.0,120.03
18016.0,1477.66
18017.0,523.0
18018.0,122.14
18019.0,38.45
18022.0,612.72
18024.0,389.78
18027.0,115.31
18030.0,230.64999999999998
18032.0,73.5
18033.0,93.82000000000001
18034.0,418.68
18035.0,713.89
18036.0,403.12
18037.0,70.02
18040.0,357.20000000000005
18041.0,4097.37
18042.0,165.04999999999998
18043.0,529.29
18044.0,2088.6
18045.0,178.34
18048.0,172.29000000000002
18050.0,74.4
18053.0,300.02
18055.0,6761.34
18056.0,363.65
18058.0,170.16
18059.0,306.46
18061.0,2119.41
18062.0,720.52
18064.0,814.0
18065.0,2392.83
18066.0,318.0
18067.0,396.33
18068.0,101.7
18069.0,2009.24
18071.0,453.0
18072.0,247.44
18073.0,3859.82
18074.0,489.6
18075.0,2611.75
18077.0,2584.41
18078.0,336.13
18079.0,3613.15
18080.0,1231.5
18081.0,343.45
18082.0,680.84
18084.0,90.48
18085.0,689.95
18086.0,101.34
18087.0,4055.7200000000003
18088.0,166.03
18092.0,9068.26
18093.0,2106.52
18094.0,3017.3
18095.0,580.05
18096.0,849.06
18097.0,2662.4
18099.0,168.31
18101.0,222.4
18102.0,259657.3
18104.0,754.64
18105.0,113.48000000000002
18106.0,421.9
18108.0,271.0
18109.0,8004.92
18110.0,198.8
18112.0,352.69
18113.0,76.32000000000001
18114.0,220.1
18116.0,1403.1100000000001
18117.0,315.65
18118.0,5625.08
18119.0,180.7
18120.0,111.15
18121.0,653.3000000000001
18122.0,1793.06
18123.0,574.4399999999999
18125.0,1131.75
18126.0,200.92
18127.0,347.08
18129.0,112.55000000000001
18130.0,1059.39
18133.0,931.5
18135.0,681.91
18136.0,784.33
18138.0,152.65
18139.0,8438.34
18142.0,1019.52
18143.0,1000.16
18144.0,2888.75
18145.0,2861.55
18146.0,160.35
18147.0,179.34
18149.0,612.0799999999999
18150.0,566.58
18151.0,653.35
18154.0,399.19
18155.0,371.62
18156.0,675.64
18158.0,453.4
18159.0,530.15
18160.0,638.0600000000001
18161.0,1618.69
18164.0,399.65
18165.0,302.46
18167.0,1384.8600000000001
18168.0,1160.04
18169.0,202.65
18170.0,980.3100000000001
18171.0,1231.31
18172.0,7561.68
18173.0,2106.84
18174.0,104.0
18176.0,476.35
18177.0,1340.8700000000001
18178.0,1590.81
18179.0,1793.17
18180.0,1843.75
18181.0,366.85
18183.0,632.07
18184.0,49.8
18185.0,304.25
18188.0,2001.04
18189.0,1090.24
18190.0,284.46000000000004
18191.0,207.8
18192.0,957.97
18193.0,243.76
18194.0,973.84
18196.0,686.63
18198.0,5425.56
18200.0,150.35
18202.0,1396.99
18203.0,160.42000000000002
18204.0,1975.3500000000001
18205.0,517.36
18209.0,139.10000000000002
18210.0,2621.38
18211.0,600.07
18212.0,216.07
18213.0,232.48000000000002
18215.0,299.34000000000003
18216.0,481.75
18217.0,621.75
18218.0,641.92
18219.0,2069.77
18220.0,305.28
18221.0,1041.61
18222.0,443.0
18223.0,6484.54
18224.0,158.95000000000002
18225.0,5504.96
18226.0,5228.05
18227.0,93.75
18228.0,779.9
18229.0,7276.9
18230.0,2810.2000000000003
18231.0,2071.77
18232.0,592.97
18233.0,440.0
18235.0,1796.48
18236.0,882.24
18237.0,987.1
18239.0,1561.6100000000001
18240.0,422.58
18241.0,2073.09
18242.0,2232.4900000000002
18245.0,2567.06
18246.0,596.1
18248.0,804.02
18249.0,95.34
18250.0,349.27
18251.0,4314.72
18252.0,518.27
18255.0,103.30000000000001
18257.0,2337.63
18259.0,2338.6
18260.0,2628.35
18261.0,324.24
18262.0,149.48
18263.0,1213.16
18265.0,801.51
18268.0,25.5
18269.0,168.60000000000002
18270.0,283.15000000000003
18272.0,3078.58
18273.0,204.0
18274.0,175.92
18276.0,335.86
18277.0,110.38
18278.0,173.9
18280.0,180.60000000000002
18281.0,80.82
18282.0,178.05
18283.0,2045.53
18287.0,1837.28
unknown,1732777.79
