stockcode,sold_units,returned_units,return_rate
10002,3,3,0.5
10123c,18,18,0.5
10123g,38,38,0.5
10133,92,92,0.5
10134,19,19,0.5
10135,1,1,0.5
11001,185,185,0.5
15034,1385,1385,0.5
15036,1274,1274,0.5
15039,26,26,0.5
15044a,1,1,0.5
15044b,28,28,0.5
15044c,3,3,0.5
15044d,2,2,0.5
15056bl,130,130,0.5
15056n,57,57,0.5
15056p,10,10,0.5
15058a,35,35,0.5
15058b,66,66,0.5
15058c,30,30,0.5
15060b,53,53,0.5
16008,1510,1510,0.5
16010,7,7,0.5
16015,689,689,0.5
16020c,7,7,0.5
16043,45,45,0.5
16045,4567,4567,0.5
16049,31,31,0.5
16052,16,16,0.5
16053,102,102,0.5
16054,108,108,0.5
16151a,2,2,0.5
16156s,110,110,0.5
16161p,25,25,0.5
16161u,25,25,0.5
16162l,54,54,0.5
16162m,84,84,0.5
16169e,438,438,0.5
16169k,25,25,0.5
16169p,75,75,0.5
16202b,9,9,0.5
16202e,1,1,0.5
16207b,4,4,0.5
16219,48,48,0.5
16235,1,1,0.5
16237,60,60,0.5
16244b,5,5,0.5
16254,5,5,0.5
16258a,1,1,0.5
16259,3275,3275,0.5
17003,3,3,0.5
17007b,4,4,0.5
17011a,61,61,0.5
17011f,18,18,0.5
17012a,86,86,0.5
17012b,72,72,0.5
17012c,22,22,0.5
17013d,29,29,0.5
17090d,10,10,0.5
17096,48,48,0.5
17129f,2,2,0.5
17165d,10,10,0.5
18007,2834,2834,0.5
18094c,67,67,0.5
18097a,23,23,0.5
18097c,292,292,0.5
18098c,140,140,0.5
20652,37,37,0.5
20658,90,90,0.5
20665,64,64,0.5
20666,5,5,0.5
20669,25,25,0.5
20671,22,22,0.5
20674,6,6,0.5
20675,12,12,0.5
20676,22,22,0.5
20677,5,5,0.5
20679,9,9,0.5
20681,157,157,0.5
20682,20,20,0.5
20684,46,46,0.5
20685,66,66,0.5
20686,95,95,0.5
20689,5,5,0.5
20694,110,110,0.5
20699,16,16,0.5
20700,121,121,0.5
20701,30,30,0.5
20703,7,7,0.5
20704,4,4,0.5
20705,1,1,0.5
20707,1,1,0.5
20711,340,340,0.5
20712,240,240,0.5
20713,4165,4165,0.5
20716,82,82,0.5
20717,22,22,0.5
20718,35,35,0.5
20719,112,112,0.5
20723,75,75,0.5
20724,223,223,0.5
20725,574,574,0.5
20726,82,82,0.5
20727,128,128,0.5
20728,214,214,0.5
20731,16,16,0.5
20733,300,300,0.5
20734,11,11,0.5
20735,472,472,0.5
20738,36,36,0.5
20749,8,8,0.5
20750,6,6,0.5
20751,36,36,0.5
20752,52,52,0.5
20754,1,1,0.5
20756,70,70,0.5
20758,54,54,0.5
20759,52,52,0.5
20772,1,1,0.5
20773,13,13,0.5
20774,29,29,0.5
20775,64,64,0.5
20778,6,6,0.5
20781,1,1,0.5
20785,2,2,0.5
20793,10,10,0.5
20794,9,9,0.5
20795,6,6,0.5
20798,4,4,0.5
20801,32,32,0.5
20802,39,39,0.5
20803,108,108,0.5
20816,11,11,0.5
20820,3,3,0.5
20821,12,12,0.5
20823,102,102,0.5
20825,5,5,0.5
20826,169,169,0.5
20827,68,68,0.5
20829,120,120,0.5
20830,1,1,0.5
20832,1,1,0.5
20836,12,12,0.5
20838,12,12,0.5
20839,80,80,0.5
20840,42,42,0.5
20850,3,3,0.5
20854,96,96,0.5
20856,150,150,0.5
20857,49,49,0.5
20860,7,7,0.5
20863,6,6,0.5
20864,1,1,0.5
20866,350,350,0.5
20867,271,271,0.5
20886,71,71,0.5
20892,34,34,0.5
20893,288,288,0.5
20896,5,5,0.5
20897,12,12,0.5
20898,16,16,0.5
20901,2,2,0.5
20902,3,3,0.5
20903,33,33,0.5
20906,21,21,0.5
20910,1,1,0.5
20914,107,107,0.5
20931,15,15,0.5
20932,10,10,0.5
20933,3,3,0.5
20934,29,29,0.5
20936,1,1,0.5
20941,26,26,0.5
20954,2,2,0.5
20956,880,880,0.5
20957,1,1,0.5
20961,50,50,0.5
20966,194,194,0.5
20967,77,77,0.5
20969,145,145,0.5
20970,3,3,0.5
20971,1321,1321,0.5
20972,24,24,0.5
20973,49,49,0.5
20974,566,566,0.5
20975,329,329,0.5
20977,279,279,0.5
20978,16,16,0.5
20979,160,160,0.5
20980,16,16,0.5
20981,19,19,0.5
20982,4,4,0.5
20983,7,7,0.5
20984,70,70,0.5
20985,16,16,0.5
20998,11,11,0.5
21000,41,41,0.5
21011,20,20,0.5
21012,3,3,0.5
21014,90,90,0.5
21015,4,4,0.5
21018,63,63,0.5
21027,70,70,0.5
21033,517,517,0.5
21034,21,21,0.5
21035,200,200,0.5
21038,8,8,0.5
21039,12,12,0.5
21040,25,25,0.5
21041,3,3,0.5
21042,6,6,0.5
21043,50,50,0.5
21051,27,27,0.5
21054,30,30,0.5
21055,6,6,0.5
21056,2,2,0.5
21058,12,12,0.5
21059,12,12,0.5
21066,12,12,0.5
21067,93,93,0.5
21068,42,42,0.5
21069,701,701,0.5
21071,88,88,0.5
21078,207,207,0.5
21080,17,17,0.5
21084,24,24,0.5
21087,13,13,0.5
21088,12,12,0.5
21089,7,7,0.5
21090,228,228,0.5
21098,399,399,0.5
21100,6,6,0.5
21108,3150,3150,0.5
21109,48,48,0.5
21110,153,153,0.5
21114,10,10,0.5
21116,33,33,0.5
21120,6,6,0.5
21121,72,72,0.5
21122,49,49,0.5
21123,24,24,0.5
21124,49,49,0.5
21125,2,2,0.5
21129,2,2,0.5
21135,1752,1752,0.5
21136,281,281,0.5
21137,40,40,0.5
21143,43,43,0.5
21144,75,75,0.5
21147,200,200,0.5
21154,212,212,0.5
21155,238,238,0.5
21156,39,39,0.5
21158,24,24,0.5
21159,40,40,0.5
21160,7,7,0.5
21161,168,168,0.5
21163,71,71,0.5
21164,6,6,0.5
21165,86,86,0.5
21166,211,211,0.5
21167,50,50,0.5
21169,88,88,0.5
21171,30,30,0.5
21172,103,103,0.5
21174,138,138,0.5
21175,2048,2048,0.5
21179,86,86,0.5
21181,147,147,0.5
21187,97,97,0.5
21190,130,130,0.5
21192,164,164,0.5
21194,10,10,0.5
21195,31,31,0.5
21197,21,21,0.5
21198,72,72,0.5
21199,48,48,0.5
21201,391,391,0.5
21205,20,20,0.5
21206,2,2,0.5
21208,41,41,0.5
21209,19,19,0.5
21210,310,310,0.5
21212,380,380,0.5
21213,48,48,0.5
21216,16,16,0.5
21217,9,9,0.5
21218,49,49,0.5
21224,12,12,0.5
21228,7,7,0.5
21231,157,157,0.5
21232,384,384,0.5
21238,51,51,0.5
21239,21,21,0.5
21240,36,36,0.5
21242,35,35,0.5
21243,8,8,0.5
21244,53,53,0.5
21246,96,96,0.5
21248,19,19,0.5
21257,106,106,0.5
21258,90,90,0.5
21259,67,67,0.5
21260,43,43,0.5
21262,5,5,0.5
21263,2,2,0.5
21264,8,8,0.5
21272,214,214,0.5
21274,3,3,0.5
21275,40,40,0.5
21277,2,2,0.5
21278,1,1,0.5
21279,3,3,0.5
21281,31,31,0.5
21282,1,1,0.5
21283,15,15,0.5
21284,36,36,0.5
21285,24,24,0.5
21288,46,46,0.5
21289,20,20,0.5
21294,235,235,0.5
21306,19,19,0.5
21311,144,144,0.5
21313,31,31,0.5
21314,139,139,0.5
21316,6,6,0.5
21317,1,1,0.5
21318,79,79,0.5
21319,1,1,0.5
21320,93,93,0.5
21324,18,18,0.5
21326,21,21,0.5
21330,4,4,0.5
21332,25,25,0.5
21337,21,21,0.5
21340,28,28,0.5
21344,3,3,0.5
21349,48,48,0.5
21351,227,227,0.5
21352,32,32,0.5
21355,217,217,0.5
21359,32,32,0.5
21360,4,4,0.5
21361,21,21,0.5
21363,33,33,0.5
21364,1,1,0.5
21373,12,12,0.5
21380,1,1,0.5
21381,25,25,0.5
21382,8,8,0.5
21383,2,2,0.5
21385,2,2,0.5
21389,1,1,0.5
21390,3,3,0.5
21391,371,371,0.5
21392,29,29,0.5
21394,57,57,0.5
21395,48,48,0.5
21397,57,57,0.5
21398,9,9,0.5
21399,227,227,0.5
21402,147,147,0.5
21407,20,20,0.5
21408,2,2,0.5
21410,4,4,0.5
21411,6,6,0.5
21412,12,12,0.5
21414,25,25,0.5
21416,14,14,0.5
21417,1,1,0.5
21421,5,5,0.5
21422,59,59,0.5
21424,45,45,0.5
21426,4,4,0.5
21427,3,3,0.5
21428,35,35,0.5
21429,127,127,0.5
21430,41,41,0.5
21431,21,21,0.5
21432,2,2,0.5
21439,408,408,0.5
21445,4,4,0.5
21446,50,50,0.5
21447,119,119,0.5
21448,40,40,0.5
21452,28,28,0.5
21455,13,13,0.5
21456,1,1,0.5
21459,8,8,0.5
21461,2,2,0.5
21463,42,42,0.5
21464,9,9,0.5
21467,2,2,0.5
21469,2,2,0.5
21470,5,5,0.5
21471,4,4,0.5
21472,141,141,0.5
21474,8,8,0.5
21479,185,185,0.5
21481,88,88,0.5
21484,48,48,0.5
21485,20,20,0.5
21486,77,77,0.5
21488,50,50,0.5
21494,2,2,0.5
21495,25,25,0.5
21498,50,50,0.5
21499,225,225,0.5
21503,225,225,0.5
21504,80,80,0.5
21506,12,12,0.5
21507,24,24,0.5
21508,12,12,0.5
21511,9,9,0.5
21518,31,31,0.5
21519,116,116,0.5
21520,2,2,0.5
21523,5,5,0.5
21524,6,6,0.5
21527,85,85,0.5
21528,14,14,0.5
21530,61,61,0.5
21531,15,15,0.5
21533,32,32,0.5
21534,13,13,0.5
21535,44,44,0.5
21537,135,135,0.5
21538,2,2,0.5
21539,134,134,0.5
21547,12,12,0.5
21556,1,1,0.5
21558,4,4,0.5
21559,14,14,0.5
21561,2,2,0.5
21564,3,3,0.5
21577,7,7,0.5
21578,284,284,0.5
21579,10,10,0.5
21581,12,12,0.5
21584,1,1,0.5
21586,160,160,0.5
21587,53,53,0.5
21588,1,1,0.5
21589,14,14,0.5
21591,321,321,0.5
21594,1,1,0.5
21609,46,46,0.5
21610,14,14,0.5
21613,47,47,0.5
21615,26,26,0.5
21618,56,56,0.5
21619,94,94,0.5
21620,1499,1499,0.5
21621,558,558,0.5
21622,813,813,0.5
21623,4,4,0.5
21624,5,5,0.5
21626,22,22,0.5
21627,32,32,0.5
21628,2,2,0.5
21630,1,1,0.5
21632,41,41,0.5
21633,1,1,0.5
21634,169,169,0.5
21635,8,8,0.5
21636,22,22,0.5
21637,139,139,0.5
21638,33,33,0.5
21641,49,49,0.5
21642,256,256,0.5
21643,21,21,0.5
21644,25,25,0.5
21645,25,25,0.5
21647,1,1,0.5
21648,131,131,0.5
21650,24,24,0.5
21651,6,6,0.5
21653,6,6,0.5
21654,3,3,0.5
21655,36,36,0.5
21656,19,19,0.5
21658,33,33,0.5
21662,17,17,0.5
21667,4,4,0.5
21668,84,84,0.5
21669,80,80,0.5
21670,184,184,0.5
21671,152,152,0.5
21672,59,59,0.5
21673,143,143,0.5
21675,12,12,0.5
21677,12,12,0.5
21681,2,2,0.5
21682,159,159,0.5
21683,38,38,0.5
21684,62,62,0.5
21686,1,1,0.5
21688,337,337,0.5
21689,323,323,0.5
21692,76,76,0.5
21693,87,87,0.5
21696,332,332,0.5
21700,1352,1352,0.5
21703,87,87,0.5
21704,5,5,0.5
21705,20,20,0.5
21708,1,1,0.5
21713,16,16,0.5
21714,20,20,0.5
21716,8,8,0.5
21717,42,42,0.5
21718,1,1,0.5
21722,1,1,0.5
21730,14,14,0.5
21731,186,186,0.5
21733,57,57,0.5
21735,92,92,0.5
21736,3,3,0.5
21738,5,5,0.5
21743,89,89,0.5
21744,21,21,0.5
21745,4,4,0.5
21746,15,15,0.5
21747,12,12,0.5
21749,8,8,0.5
21754,20,20,0.5
21755,4,4,0.5
21756,2,2,0.5
21758,9,9,0.5
21761,2,2,0.5
21763,7,7,0.5
21765,2,2,0.5
21769,5,5,0.5
21770,6,6,0.5
21774,1,1,0.5
21775,3,3,0.5
21777,15,15,0.5
21781,62,62,0.5
21784,14,14,0.5
21785,147,147,0.5
21786,231,231,0.5
21787,528,528,0.5
21788,22,22,0.5
21789,20,20,0.5
21790,85,85,0.5
21791,36,36,0.5
21792,17,17,0.5
21793,40,40,0.5
21794,3,3,0.5
21801,74,74,0.5
21802,1,1,0.5
21803,38,38,0.5
21804,84,84,0.5
21805,1,1,0.5
21806,3,3,0.5
21807,65,65,0.5
21809,140,140,0.5
21810,194,194,0.5
21811,288,288,0.5
21812,14,14,0.5
21813,7,7,0.5
21814,30,30,0.5
21815,300,300,0.5
21817,88,88,0.5
21818,130,130,0.5
21819,14,14,0.5
21820,240,240,0.5
21821,12,12,0.5
21822,3,3,0.5
21823,100,100,0.5
21824,127,127,0.5
21825,14,14,0.5
21826,4,4,0.5
21827,42,42,0.5
21829,2437,2437,0.5
21830,1889,1889,0.5
21832,25,25,0.5
21833,140,140,0.5
21836,16,16,0.5
21839,36,36,0.5
21841,1,1,0.5
21843,385,385,0.5
21844,20,20,0.5
21845,52,52,0.5
21846,12,12,0.5
21850,36,36,0.5
21854,2,2,0.5
21858,12,12,0.5
21864,20,20,0.5
21865,40,40,0.5
21868,221,221,0.5
21870,52,52,0.5
21871,685,685,0.5
21872,16,16,0.5
21873,91,91,0.5
21874,22,22,0.5
21875,28,28,0.5
21876,42,42,0.5
21877,1052,1052,0.5
21878,13,13,0.5
21880,12,12,0.5
21883,1,1,0.5
21888,72,72,0.5
21889,26,26,0.5
21890,146,146,0.5
21891,67,67,0.5
21892,13,13,0.5
21894,40,40,0.5
21895,5,5,0.5
21896,43,43,0.5
21897,22,22,0.5
21898,83,83,0.5
21899,43,43,0.5
21900,5,5,0.5
21901,9,9,0.5
21902,9,9,0.5
21903,13,13,0.5
21906,17,17,0.5
21907,90,90,0.5
21908,26,26,0.5
21910,1,1,0.5
21911,39,39,0.5
21913,3,3,0.5
21914,36,36,0.5
21915,67,67,0.5
21916,24,24,0.5
21917,13,13,0.5
21918,359,359,0.5
21923,5,5,0.5
21925,6,6,0.5
21926,14,14,0.5
21927,39,39,0.5
21928,268,268,0.5
21929,222,222,0.5
21930,3,3,0.5
21931,334,334,0.5
21932,33,33,0.5
21933,13,13,0.5
21934,10,10,0.5
21935,1,1,0.5
21936,56,56,0.5
21937,177,177,0.5
21942,12,12,0.5
21972,2,2,0.5
21973,1,1,0.5
21974,106,106,0.5
21975,71,71,0.5
21976,29,29,0.5
21977,101,101,0.5
21980,132,132,0.5
21981,7,7,0.5
21982,1,1,0.5
21983,24,24,0.5
21984,60,60,0.5
21987,13,13,0.5
21990,12,12,0.5
21991,12,12,0.5
21993,12,12,0.5
22021,20,20,0.5
22023,12,12,0.5
22024,62,62,0.5
22025,42,42,0.5
22026,12,12,0.5
22027,168,168,0.5
22028,62,62,0.5
22029,12,12,0.5
22030,635,635,0.5
22031,12,12,0.5
22033,50,50,0.5
22034,258,258,0.5
22035,160,160,0.5
22036,45,45,0.5
22039,25,25,0.5
22041,38,38,0.5
22042,209,209,0.5
22043,49,49,0.5
22044,240,240,0.5
22045,75,75,0.5
22046,34,34,0.5
22047,25,25,0.5
22048,25,25,0.5
22049,125,125,0.5
22050,125,125,0.5
22051,300,300,0.5
22052,150,150,0.5
22053,1,1,0.5
22055,23,23,0.5
22057,48,48,0.5
22059,24,24,0.5
22060,33,33,0.5
22061,16,16,0.5
22062,6,6,0.5
22063,6,6,0.5
22064,35,35,0.5
22065,22,22,0.5
22066,5,5,0.5
22067,6,6,0.5
22068,13,13,0.5
22070,296,296,0.5
22071,286,286,0.5
22072,19,19,0.5
22073,68,68,0.5
22074,12,12,0.5
22075,12,12,0.5
22077,34,34,0.5
22078,201,201,0.5
22079,30,30,0.5
22080,288,288,0.5
22081,10,10,0.5
22082,20,20,0.5
22083,56,56,0.5
22084,247,247,0.5
22086,453,453,0.5
22087,125,125,0.5
22088,95,95,0.5
22090,72,72,0.5
22091,7,7,0.5
22093,12,12,0.5
22094,65,65,0.5
22095,9,9,0.5
22096,6,6,0.5
22097,10,10,0.5
22098,75,75,0.5
22099,9,9,0.5
22101,324,324,0.5
22102,720,720,0.5
22103,482,482,0.5
22105,240,240,0.5
22106,121,121,0.5
22107,21,21,0.5
22109,33,33,0.5
22110,2,2,0.5
22111,129,129,0.5
22112,128,128,0.5
22113,27,27,0.5
22114,301,301,0.5
22116,12,12,0.5
22119,1,1,0.5
22120,12,12,0.5
22121,101,101,0.5
22127,750,750,0.5
22128,80,80,0.5
22130,535,535,0.5
22131,1,1,0.5
22132,12,12,0.5
22136,24,24,0.5
22138,68,68,0.5
22139,47,47,0.5
22141,16,16,0.5
22142,81,81,0.5
22143,1,1,0.5
22144,44,44,0.5
22146,4,4,0.5
22147,957,957,0.5
22148,15,15,0.5
22149,709,709,0.5
22150,11,11,0.5
22151,890,890,0.5
22152,183,183,0.5
22153,70,70,0.5
22154,7,7,0.5
22155,118,118,0.5
22156,105,105,0.5
22158,145,145,0.5
22161,24,24,0.5
22162,115,115,0.5
22163,115,115,0.5
22164,80,80,0.5
22165,1,1,0.5
22166,3,3,0.5
22167,5,5,0.5
22168,33,33,0.5
22169,32,32,0.5
22170,19,19,0.5
22171,110,110,0.5
22173,153,153,0.5
22175,2,2,0.5
22176,30,30,0.5
22178,450,450,0.5
22179,29,29,0.5
22180,35,35,0.5
22181,119,119,0.5
22182,3,3,0.5
22183,2,2,0.5
22184,15,15,0.5
22186,53,53,0.5
22187,4,4,0.5
22188,1,1,0.5
22189,8,8,0.5
22191,344,344,0.5
22192,30,30,0.5
22193,24,24,0.5
22194,15,15,0.5
22195,1,1,0.5
22196,29,29,0.5
22197,471,471,0.5
22198,152,152,0.5
22199,8,8,0.5
22200,4,4,0.5
22201,2,2,0.5
22202,116,116,0.5
22203,2,2,0.5
22204,5,5,0.5
22207,75,75,0.5
22208,13,13,0.5
22209,12,12,0.5
22211,48,48,0.5
22212,24,24,0.5
22215,2,2,0.5
22217,195,195,0.5
22219,576,576,0.5
22220,22,22,0.5
22221,2,2,0.5
22224,4,4,0.5
22227,2,2,0.5
22228,2,2,0.5
22229,2,2,0.5
22230,16,16,0.5
22231,69,69,0.5
22232,64,64,0.5
22233,21,21,0.5
22236,45,45,0.5
22241,4,4,0.5
22242,87,87,0.5
22243,11,11,0.5
22244,25,25,0.5
22245,152,152,0.5
22246,12,12,0.5
22248,20,20,0.5
22249,4,4,0.5
22250,4,4,0.5
22251,16,16,0.5
22252,6,6,0.5
22258,7,7,0.5
22260,4,4,0.5
22261,4,4,0.5
22262,5,5,0.5
22263,49,49,0.5
22268,136,136,0.5
22270,7,7,0.5
22271,51,51,0.5
22272,156,156,0.5
22273,1447,1447,0.5
22274,7,7,0.5
22276,66,66,0.5
22278,6,6,0.5
22279,1,1,0.5
22282,1,1,0.5
22283,4,4,0.5
22284,13,13,0.5
22286,47,47,0.5
22287,12,12,0.5
22291,24,24,0.5
22294,34,34,0.5
22295,12,12,0.5
22296,1,1,0.5
22299,52,52,0.5
22300,13,13,0.5
22301,24,24,0.5
22302,12,12,0.5
22303,74,74,0.5
22305,1,1,0.5
22306,17,17,0.5
22307,39,39,0.5
22311,7,7,0.5
22312,26,26,0.5
22313,250,250,0.5
22314,2,2,0.5
22316,1,1,0.5
22318,7,7,0.5
22319,6,6,0.5
22320,9,9,0.5
22321,1,1,0.5
22322,12,12,0.5
22325,13,13,0.5
22326,40,40,0.5
22327,15,15,0.5
22328,658,658,0.5
22329,17,17,0.5
22331,2,2,0.5
22332,24,24,0.5
22333,82,82,0.5
22336,208,208,0.5
22338,21,21,0.5
22339,91,91,0.5
22340,12,12,0.5
22342,36,36,0.5
22343,18,18,0.5
22345,18,18,0.5
22348,12,12,0.5
22349,13,13,0.5
22350,1,1,0.5
22351,1400,1400,0.5
22352,16,16,0.5
22353,28,28,0.5
22354,1,1,0.5
22355,150,150,0.5
22356,266,266,0.5
22357,18,18,0.5
22358,8,8,0.5
22359,3,3,0.5
22360,104,104,0.5
22361,12,12,0.5
22362,33,33,0.5
22363,130,130,0.5
22364,67,67,0.5
22365,2,2,0.5
22366,27,27,0.5
22367,35,35,0.5
22371,14,14,0.5
22372,1,1,0.5
22374,4,4,0.5
22377,9,9,0.5
22378,1,1,0.5
22379,64,64,0.5
22380,37,37,0.5
22381,27,27,0.5
22382,159,159,0.5
22383,148,148,0.5
22384,152,152,0.5
22385,118,118,0.5
22386,456,456,0.5
22389,100,100,0.5
22393,4,4,0.5
22394,6,6,0.5
22396,12,12,0.5
22398,84,84,0.5
22399,24,24,0.5
22400,1,1,0.5
22402,12,12,0.5
22403,12,12,0.5
22405,1,1,0.5
22406,1,1,0.5
22409,21,21,0.5
22411,354,354,0.5
22412,39,39,0.5
22413,18,18,0.5
22414,2,2,0.5
22415,31,31,0.5
22416,6,6,0.5
22417,46,46,0.5
22418,172,172,0.5
22419,6,6,0.5
22421,2,2,0.5
22423,908,908,0.5
22424,28,28,0.5
22425,6,6,0.5
22426,27,27,0.5
22427,71,71,0.5
22428,3,3,0.5
22429,33,33,0.5
22430,20,20,0.5
22431,8,8,0.5
22432,14,14,0.5
22433,3,3,0.5
22434,18,18,0.5
22435,446,446,0.5
22436,20,20,0.5
22437,10,10,0.5
22439,68,68,0.5
22440,10,10,0.5
22441,3,3,0.5
22442,11,11,0.5
22443,9,9,0.5
22444,42,42,0.5
22445,62,62,0.5
22449,131,131,0.5
22450,1,1,0.5
22451,33,33,0.5
22452,64,64,0.5
22453,13,13,0.5
22454,28,28,0.5
22456,68,68,0.5
22457,52,52,0.5
22458,65,65,0.5
22459,268,268,0.5
22460,19,19,0.5
22461,59,59,0.5
22464,122,122,0.5
22465,27,27,0.5
22466,21,21,0.5
22467,255,255,0.5
22468,3,3,0.5
22469,188,188,0.5
22470,74,74,0.5
22471,1,1,0.5
22472,2,2,0.5
22474,32,32,0.5
22476,8,8,0.5
22477,1,1,0.5
22480,24,24,0.5
22481,288,288,0.5
22482,66,66,0.5
22483,1,1,0.5
22485,6,6,0.5
22486,6,6,0.5
22487,25,25,0.5
22488,35,35,0.5
22489,2,2,0.5
22491,12,12,0.5
22492,196,196,0.5
22493,273,273,0.5
22494,40,40,0.5
22495,6,6,0.5
22496,4,4,0.5
22497,17,17,0.5
22499,4,4,0.5
22501,318,318,0.5
22502,175,175,0.5
22503,19,19,0.5
22504,5,5,0.5
22505,5,5,0.5
22507,7,7,0.5
22508,22,22,0.5
22509,16,16,0.5
22511,1,1,0.5
22515,2,2,0.5
22518,30,30,0.5
22519,19,19,0.5
22520,101,101,0.5
22521,99,99,0.5
22522,138,138,0.5
22523,102,102,0.5
22524,62,62,0.5
22525,61,61,0.5
22526,6,6,0.5
22528,1,1,0.5
22530,24,24,0.5
22533,104,104,0.5
22534,2,2,0.5
22535,48,48,0.5
22536,131,131,0.5
22537,48,48,0.5
22540,1,1,0.5
22544,43,43,0.5
22545,1,1,0.5
22546,1,1,0.5
22547,2,2,0.5
22548,70,70,0.5
22550,8,8,0.5
22551,29,29,0.5
22553,84,84,0.5
22554,29,29,0.5
22555,21,21,0.5
22556,66,66,0.5
22557,27,27,0.5
22558,42,42,0.5
22560,1,1,0.5
22561,276,276,0.5
22563,1,1,0.5
22564,437,437,0.5
22567,40,40,0.5
22568,328,328,0.5
22569,278,278,0.5
22570,351,351,0.5
22571,109,109,0.5
22572,335,335,0.5
22574,192,192,0.5
22575,136,136,0.5
22576,36,36,0.5
22577,401,401,0.5
22578,1183,1183,0.5
22579,154,154,0.5
22580,61,61,0.5
22581,2,2,0.5
22582,12,12,0.5
22583,2,2,0.5
22584,15,15,0.5
22585,45,45,0.5
22586,78,78,0.5
22587,41,41,0.5
22588,236,236,0.5
22591,59,59,0.5
22592,2,2,0.5
22593,144,144,0.5
22594,1,1,0.5
22595,224,224,0.5
22596,25,25,0.5
22597,34,34,0.5
22598,6,6,0.5
22599,24,24,0.5
22600,28,28,0.5
22601,24,24,0.5
22602,40,40,0.5
22603,13,13,0.5
22605,8,8,0.5
22606,60,60,0.5
22607,4,4,0.5
22608,7,7,0.5
22609,36,36,0.5
22613,10,10,0.5
22614,37,37,0.5
22615,12,12,0.5
22616,24,24,0.5
22617,2629,2629,0.5
22618,1701,1701,0.5
22619,4,4,0.5
22620,10,10,0.5
22621,51,51,0.5
22622,13,13,0.5
22623,16,16,0.5
22624,17,17,0.5
22625,33,33,0.5
22626,9,9,0.5
22627,26,26,0.5
22628,21,21,0.5
22629,54,54,0.5
22630,275,275,0.5
22631,33,33,0.5
22632,113,113,0.5
22633,79,79,0.5
22634,41,41,0.5
22635,84,84,0.5
22636,29,29,0.5
22637,120,120,0.5
22638,1,1,0.5
22644,9,9,0.5
22645,17,17,0.5
22646,31,31,0.5
22647,12,12,0.5
22649,40,40,0.5
22650,3,3,0.5
22652,126,126,0.5
22653,30,30,0.5
22654,33,33,0.5
22655,21,21,0.5
22656,8,8,0.5
22659,322,322,0.5
22661,13,13,0.5
22662,17,17,0.5
22663,11,11,0.5
22664,12,12,0.5
22665,46,46,0.5
22666,151,151,0.5
22667,111,111,0.5
22668,60,60,0.5
22669,50,50,0.5
22670,5,5,0.5
22671,1,1,0.5
22672,16,16,0.5
22673,12,12,0.5
22674,13,13,0.5
22675,27,27,0.5
22676,11,11,0.5
22677,11,11,0.5
22678,11,11,0.5
22679,10,10,0.5
22680,30,30,0.5
22681,12,12,0.5
22682,11,11,0.5
22683,12,12,0.5
22684,13,13,0.5
22685,10,10,0.5
22686,24,24,0.5
22687,41,41,0.5
22688,42,42,0.5
22689,52,52,0.5
22690,6,6,0.5
22691,3,3,0.5
22692,3,3,0.5
22693,72,72,0.5
22694,52,52,0.5
22697,143,143,0.5
22698,199,199,0.5
22699,437,437,0.5
22700,70,70,0.5
22701,16,16,0.5
22704,50,50,0.5
22705,25,25,0.5
22706,25,25,0.5
22708,25,25,0.5
22710,50,50,0.5
22711,50,50,0.5
22712,45,45,0.5
22713,8,8,0.5
22714,12,12,0.5
22718,24,24,0.5
22719,326,326,0.5
22720,218,218,0.5
22722,51,51,0.5
22723,2,2,0.5
22725,48,48,0.5
22726,46,46,0.5
22727,71,71,0.5
22728,41,41,0.5
22729,31,31,0.5
22730,50,50,0.5
22731,14,14,0.5
22734,34,34,0.5
22736,13,13,0.5
22737,40,40,0.5
22738,130,130,0.5
22739,10,10,0.5
22740,1096,1096,0.5
22741,51,51,0.5
22742,2,2,0.5
22743,6,6,0.5
22744,8,8,0.5
22745,13,13,0.5
22746,12,12,0.5
22747,6,6,0.5
22748,17,17,0.5
22750,6,6,0.5
22751,2,2,0.5
22752,124,124,0.5
22757,1,1,0.5
22759,351,351,0.5
22760,6,6,0.5
22761,2,2,0.5
22762,18,18,0.5
22763,5,5,0.5
22764,1,1,0.5
22765,1,1,0.5
22766,53,53,0.5
22767,35,35,0.5
22768,36,36,0.5
22769,16,16,0.5
22770,4,4,0.5
22771,30,30,0.5
22772,3,3,0.5
22774,16,16,0.5
22775,68,68,0.5
22776,93,93,0.5
22777,44,44,0.5
22778,74,74,0.5
22779,25,25,0.5
22780,25,25,0.5
22781,49,49,0.5
22784,80,80,0.5
22788,6,6,0.5
22789,1,1,0.5
22791,247,247,0.5
22792,85,85,0.5
22794,5,5,0.5
22795,20,20,0.5
22796,415,415,0.5
22797,41,41,0.5
22798,45,45,0.5
22800,10,10,0.5
22801,19,19,0.5
22804,432,432,0.5
22805,13,13,0.5
22808,18,18,0.5
22809,30,30,0.5
22810,79,79,0.5
22811,1,1,0.5
22812,291,291,0.5
22818,96,96,0.5
22820,2,2,0.5
22821,12,12,0.5
22822,2,2,0.5
22823,22,22,0.5
22824,1,1,0.5
22825,2,2,0.5
22826,4,4,0.5
22827,11,11,0.5
22829,10,10,0.5
22830,1,1,0.5
22832,7,7,0.5
22833,1,1,0.5
22834,203,203,0.5
22835,394,394,0.5
22837,187,187,0.5
22838,138,138,0.5
22839,14,14,0.5
22840,20,20,0.5
22841,13,13,0.5
22842,19,19,0.5
22843,10,10,0.5
22844,28,28,0.5
22845,14,14,0.5
22846,26,26,0.5
22847,54,54,0.5
22848,27,27,0.5
22849,15,15,0.5
22851,13,13,0.5
22852,5,5,0.5
22853,6,6,0.5
22854,43,43,0.5
22855,16,16,0.5
22856,51,51,0.5
22857,48,48,0.5
22858,10,10,0.5
22859,32,32,0.5
22860,15,15,0.5
22862,33,33,0.5
22863,20,20,0.5
22865,183,183,0.5
22866,175,175,0.5
22867,152,152,0.5
22869,1,1,0.5
22877,1,1,0.5
22878,1,1,0.5
22882,1,1,0.5
22883,1,1,0.5
22885,1,1,0.5
22890,29,29,0.5
22891,30,30,0.5
22892,158,158,0.5
22893,63,63,0.5
22895,6,6,0.5
22896,18,18,0.5
22897,42,42,0.5
22899,5,5,0.5
22900,216,216,0.5
22902,24,24,0.5
22904,2,2,0.5
22906,1,1,0.5
22907,52,52,0.5
22908,3,3,0.5
22909,259,259,0.5
22910,351,351,0.5
22911,6,6,0.5
22912,6,6,0.5
22913,4,4,0.5
22914,5,5,0.5
22915,294,294,0.5
22916,12,12,0.5
22917,12,12,0.5
22918,12,12,0.5
22919,12,12,0.5
22920,1527,1527,0.5
22921,12,12,0.5
22922,276,276,0.5
22923,188,188,0.5
22924,259,259,0.5
22925,28,28,0.5
22926,63,63,0.5
22927,59,59,0.5
22928,6,6,0.5
22929,3,3,0.5
22930,96,96,0.5
22932,120,120,0.5
22933,156,156,0.5
22934,3,3,0.5
22935,72,72,0.5
22936,72,72,0.5
22937,13,13,0.5
22938,60,60,0.5
22939,14,14,0.5
22940,34,34,0.5
22941,51,51,0.5
22942,76,76,0.5
22943,67,67,0.5
22944,55,55,0.5
22945,876,876,0.5
22946,38,38,0.5
22947,6,6,0.5
22948,120,120,0.5
22949,14,14,0.5
22950,325,325,0.5
22951,120,120,0.5
22952,312,312,0.5
22954,1,1,0.5
22956,152,152,0.5
22957,26,26,0.5
22959,475,475,0.5
22960,247,247,0.5
22961,331,331,0.5
22962,85,85,0.5
22963,115,115,0.5
22964,14,14,0.5
22965,38,38,0.5
22966,69,69,0.5
22967,22,22,0.5
22968,70,70,0.5
22969,140,140,0.5
22970,16,16,0.5
22971,16,16,0.5
22972,34,34,0.5
22973,22,22,0.5
22974,20,20,0.5
22975,1,1,0.5
22976,13,13,0.5
22977,1,1,0.5
22978,75,75,0.5
22979,91,91,0.5
22980,81,81,0.5
22981,6,6,0.5
22982,24,24,0.5
22983,181,181,0.5
22986,25,25,0.5
22988,273,273,0.5
22989,24,24,0.5
22990,126,126,0.5
22991,714,714,0.5
22992,716,716,0.5
22993,68,68,0.5
22994,30,30,0.5
22995,49,49,0.5
22996,26,26,0.5
22997,78,78,0.5
22998,177,177,0.5
22999,3,3,0.5
23000,39,39,0.5
23002,128,128,0.5
23003,9058,9058,0.5
23004,184,184,0.5
23005,19201,19201,0.5
23006,78,78,0.5
23007,6,6,0.5
23008,7,7,0.5
23010,3,3,0.5
23012,8,8,0.5
23013,6,6,0.5
23014,9,9,0.5
23015,7,7,0.5
23016,3,3,0.5
23017,1,1,0.5
23020,10,10,0.5
23022,30,30,0.5
23023,2,2,0.5
23024,2,2,0.5
23025,6,6,0.5
23026,14,14,0.5
23028,56,56,0.5
23029,48,48,0.5
23031,20,20,0.5
23032,106,106,0.5
23034,6,6,0.5
23035,73,73,0.5
23039,6,6,0.5
23041,24,24,0.5
23042,10,10,0.5
23045,20,20,0.5
23048,33,33,0.5
23049,3,3,0.5
23050,1,1,0.5
23051,2,2,0.5
23052,1,1,0.5
23053,1,1,0.5
23054,1,1,0.5
23055,830,830,0.5
23056,789,789,0.5
23057,713,713,0.5
23059,2376,2376,0.5
23061,3,3,0.5
23064,79,79,0.5
23065,14,14,0.5
23066,14,14,0.5
23071,141,141,0.5
23072,122,122,0.5
23073,1,1,0.5
23074,6,6,0.5
23075,34,34,0.5
23076,28,28,0.5
23077,60,60,0.5
23078,48,48,0.5
23079,14,14,0.5
23080,11,11,0.5
23081,6,6,0.5
23082,28,28,0.5
23083,63,63,0.5
23084,1076,1076,0.5
23085,13,13,0.5
23086,16,16,0.5
23087,15,15,0.5
23089,15,15,0.5
23090,347,347,0.5
23091,22,22,0.5
23092,10,10,0.5
23093,3,3,0.5
23094,2,2,0.5
23099,8,8,0.5
23100,1,1,0.5
23103,28,28,0.5
23106,12,12,0.5
23108,64,64,0.5
23109,96,96,0.5
23110,51,51,0.5
23111,24,24,0.5
23112,33,33,0.5
23113,2386,2386,0.5
23114,1443,1443,0.5
23115,1440,1440,0.5
23116,1440,1440,0.5
23117,1441,1441,0.5
23118,60,60,0.5
23119,36,36,0.5
23120,72,72,0.5
23122,3,3,0.5
23123,6,6,0.5
23126,16,16,0.5
23127,13,13,0.5
23128,7,7,0.5
23129,1,1,0.5
23130,9,9,0.5
23131,67,67,0.5
23132,4,4,0.5
23133,1,1,0.5
23135,27,27,0.5
23138,12,12,0.5
23139,12,12,0.5
23140,12,12,0.5
23142,2,2,0.5
23144,44,44,0.5
23145,11,11,0.5
23146,50,50,0.5
23147,15,15,0.5
23148,13,13,0.5
23149,11,11,0.5
23150,1,1,0.5
23152,30,30,0.5
23153,4,4,0.5
23154,61,61,0.5
23155,253,253,0.5
23156,24,24,0.5
23157,240,240,0.5
23158,60,60,0.5
23159,124,124,0.5
23160,6,6,0.5
23161,12,12,0.5
23163,55,55,0.5
23164,1,1,0.5
23165,102,102,0.5
23166,74494,74494,0.5
23167,525,525,0.5
23168,54,54,0.5
23169,328,328,0.5
23170,718,718,0.5
23171,97,97,0.5
23172,102,102,0.5
23173,52,52,0.5
23174,88,88,0.5
23175,124,124,0.5
23176,45,45,0.5
23177,20,20,0.5
23178,5,5,0.5
23180,1,1,0.5
23181,4,4,0.5
23182,14,14,0.5
23183,8,8,0.5
23184,13,13,0.5
23185,1,1,0.5
23186,12,12,0.5
23187,99,99,0.5
23188,14,14,0.5
23189,1,1,0.5
23190,2,2,0.5
23191,3,3,0.5
23192,3,3,0.5
23193,20,20,0.5
23194,37,37,0.5
23196,13,13,0.5
23197,25,25,0.5
23198,64,64,0.5
23199,723,723,0.5
23200,134,134,0.5
23201,594,594,0.5
23202,242,242,0.5
23203,590,590,0.5
23204,186,186,0.5
23205,191,191,0.5
23206,59,59,0.5
23207,448,448,0.5
23208,73,73,0.5
23209,40,40,0.5
23210,200,200,0.5
23211,24,24,0.5
23212,60,60,0.5
23213,12,12,0.5
23215,120,120,0.5
23220,12,12,0.5
23221,58,58,0.5
23222,24,24,0.5
23223,12,12,0.5
23224,14,14,0.5
23225,84,84,0.5
23226,48,48,0.5
23227,6,6,0.5
23228,144,144,0.5
23229,11,11,0.5
23230,75,75,0.5
23232,51,51,0.5
23233,25,25,0.5
23234,16,16,0.5
23235,14,14,0.5
23236,33,33,0.5
23237,17,17,0.5
23238,16,16,0.5
23239,28,28,0.5
23240,50,50,0.5
23241,7,7,0.5
23242,27,27,0.5
23243,117,117,0.5
23244,9,9,0.5
23245,90,90,0.5
23247,46,46,0.5
23249,55,55,0.5
23250,121,121,0.5
23251,58,58,0.5
23252,33,33,0.5
23253,2,2,0.5
23254,20,20,0.5
23255,9,9,0.5
23256,88,88,0.5
23263,47,47,0.5
23264,1,1,0.5
23265,15,15,0.5
23266,12,12,0.5
23267,48,48,0.5
23268,1452,1452,0.5
23269,1440,1440,0.5
23270,2886,2886,0.5
23273,4,4,0.5
23274,3,3,0.5
23275,77,77,0.5
23280,2,2,0.5
23283,7,7,0.5
23284,240,240,0.5
23285,2,2,0.5
23286,49,49,0.5
23287,51,51,0.5
23288,81,81,0.5
23289,12,12,0.5
23290,10,10,0.5
23291,10,10,0.5
23292,21,21,0.5
23293,32,32,0.5
23294,13,13,0.5
23295,13,13,0.5
23296,27,27,0.5
23297,26,26,0.5
23298,110,110,0.5
23299,8,8,0.5
23300,152,152,0.5
23301,114,114,0.5
23302,36,36,0.5
23306,793,793,0.5
23307,88,88,0.5
23309,64,64,0.5
23311,15,15,0.5
23312,1,1,0.5
23313,13,13,0.5
23314,5,5,0.5
23315,12,12,0.5
23316,1,1,0.5
23318,168,168,0.5
23319,116,116,0.5
23320,13,13,0.5
23321,39,39,0.5
23322,103,103,0.5
23323,3,3,0.5
23324,35,35,0.5
23325,18,18,0.5
23327,8,8,0.5
23328,8,8,0.5
23329,3,3,0.5
23330,6,6,0.5
23332,2,2,0.5
23333,12,12,0.5
23335,12,12,0.5
23338,6,6,0.5
23342,1,1,0.5
23343,1871,1871,0.5
23344,262,262,0.5
23345,7,7,0.5
23346,6,6,0.5
23347,34,34,0.5
23348,80,80,0.5
23349,24,24,0.5
23350,24,24,0.5
23351,96,96,0.5
23352,12,12,0.5
23353,24,24,0.5
23354,60,60,0.5
23355,96,96,0.5
23356,9,9,0.5
23358,38,38,0.5
23367,16,16,0.5
23368,6,6,0.5
23370,1,1,0.5
23372,16,16,0.5
23374,16,16,0.5
23375,1,1,0.5
23376,24,24,0.5
23377,8,8,0.5
23380,36,36,0.5
23382,17,17,0.5
23389,2,2,0.5
23390,1,1,0.5
23392,24,24,0.5
23393,21,21,0.5
23395,33,33,0.5
23396,4,4,0.5
23397,15,15,0.5
23398,1,1,0.5
23400,21,21,0.5
23401,3,3,0.5
23403,3,3,0.5
23404,29,29,0.5
23405,1,1,0.5
23406,24,24,0.5
23407,6,6,0.5
23408,14,14,0.5
23409,7,7,0.5
23410,1,1,0.5
23411,1,1,0.5
23412,32,32,0.5
23413,12,12,0.5
23414,4,4,0.5
23415,5,5,0.5
23419,1,1,0.5
23423,5,5,0.5
23424,1,1,0.5
23425,7,7,0.5
23426,6,6,0.5
23427,4,4,0.5
23428,2,2,0.5
23431,16,16,0.5
23433,47,47,0.5
23434,10,10,0.5
23436,15,15,0.5
23437,2,2,0.5
23444,1,1,0.5
23445,20,20,0.5
23452,1,1,0.5
23454,2,2,0.5
23456,2,2,0.5
23458,5,5,0.5
23459,3,3,0.5
23460,5,5,0.5
23461,4,4,0.5
23462,52,52,0.5
23466,1,1,0.5
23469,4,4,0.5
23470,12,12,0.5
23480,20,20,0.5
23483,22,22,0.5
23485,18,18,0.5
23486,13,13,0.5
23487,9,9,0.5
23490,3,3,0.5
23491,1,1,0.5
23493,6,6,0.5
23494,65,65,0.5
23497,12,12,0.5
23503,2,2,0.5
23508,2,2,0.5
23511,5,5,0.5
23513,6,6,0.5
23514,6,6,0.5
23518,6,6,0.5
23523,6,6,0.5
23524,6,6,0.5
23525,6,6,0.5
23526,16,16,0.5
23527,7,7,0.5
23534,7,7,0.5
23535,1,1,0.5
23536,4,4,0.5
23541,2,2,0.5
23542,6,6,0.5
23544,1,1,0.5
23556,1,1,0.5
23565,5,5,0.5
23566,4,4,0.5
23567,1,1,0.5
23568,1,1,0.5
23569,2,2,0.5
23574,2,2,0.5
23581,122,122,0.5
23582,121,121,0.5
23583,10,10,0.5
23595,5,5,0.5
23597,6,6,0.5
23630,1,1,0.5
23660,16,16,0.5
23661,20,20,0.5
23843,80995,80995,0.5
35001w,37,37,0.5
35004b,30,30,0.5
35004c,246,246,0.5
35004g,2,2,0.5
35015,9,9,0.5
35241,40,40,0.5
35271s,13,13,0.5
35400,16,16,0.5
35471d,2,2,0.5
35591t,4,4,0.5
35594,4,4,0.5
35597a,14,14,0.5
35597d,2,2,0.5
35598d,1,1,0.5
35603b,12,12,0.5
35607b,9,9,0.5
35609a,51,51,0.5
35610a,1277,1277,0.5
35610b,541,541,0.5
35610c,1121,1121,0.5
35611b,27,27,0.5
35644,1,1,0.5
35648,81,81,0.5
35649,43,43,0.5
35650,24,24,0.5
35651,12,12,0.5
35809a,13,13,0.5
35809b,4,4,0.5
35810a,78,78,0.5
35810b,17,17,0.5
35815p,63,63,0.5
35817p,44,44,0.5
35818b,75,75,0.5
35823p,12,12,0.5
35824b,8,8,0.5
35832,1,1,0.5
35833g,43,43,0.5
35833p,24,24,0.5
35915c,43,43,0.5
35916a,21,21,0.5
35916b,21,21,0.5
35916c,32,32,0.5
35920,4,4,0.5
35921,1,1,0.5
35922,30,30,0.5
35923,43,43,0.5
35924,179,179,0.5
35933,36,36,0.5
35953,24,24,0.5
35954,744,744,0.5
35957,1035,1035,0.5
35961,1,1,0.5
35965,58,58,0.5
35966,20,20,0.5
35969,3,3,0.5
35970,290,290,0.5
35971,17,17,0.5
35972,48,48,0.5
35991,1,1,0.5
37327,230,230,0.5
37333,1,1,0.5
37340,21,21,0.5
37342,122,122,0.5
37343,2,2,0.5
37370,1399,1399,0.5
37379a,9,9,0.5
37423,17,17,0.5
37424,6,6,0.5
37444b,3,3,0.5
37444c,1,1,0.5
37446,69,69,0.5
37447,17,17,0.5
37448,45,45,0.5
37449,50,50,0.5
37450,36,36,0.5
37464,16,16,0.5
37467,177,177,0.5
37468,2,2,0.5
37471,12,12,0.5
37474,15,15,0.5
37476,9,9,0.5
37477b,11,11,0.5
37477c,31,31,0.5
37477d,9,9,0.5
37479b,30,30,0.5
37479p,214,214,0.5
37482p,93,93,0.5
37487b,6,6,0.5
37488a,1,1,0.5
37495,49,49,0.5
37500,3,3,0.5
37501,15,15,0.5
37503,1,1,0.5
40001,259,259,0.5
40003,11,11,0.5
40016,1960,1960,0.5
40018f,22,22,0.5
44091a,4,4,0.5
44234,2,2,0.5
44236,12,12,0.5
44265,5,5,0.5
46000m,101,101,0.5
46000s,534,534,0.5
46037a,5,5,0.5
46115b,2,2,0.5
46126a,23,23,0.5
46138b,13,13,0.5
46775d,15,15,0.5
47013a,2,2,0.5
47013c,12,12,0.5
47021g,52,52,0.5
47341a,7,7,0.5
47343a,16,16,0.5
47344b,16,16,0.5
47351b,48,48,0.5
47422,1,1,0.5
47469,24,24,0.5
47502,19,19,0.5
47503a,41,41,0.5
47503h,24,24,0.5
47504h,4,4,0.5
47504k,308,308,0.5
47556b,69,69,0.5
47559b,114,114,0.5
47563a,4,4,0.5
47563b,10,10,0.5
47566,277,277,0.5
47566b,4024,4024,0.5
47567b,8,8,0.5
47570b,70,70,0.5
47574a,63,63,0.5
47574b,13,13,0.5
47579,1,1,0.5
47580,12,12,0.5
47589,1,1,0.5
47590a,24,24,0.5
47590b,83,83,0.5
47591a,6,6,0.5
47591b,207,207,0.5
47591d,203,203,0.5
47594a,9,9,0.5
47594b,4,4,0.5
47599a,6,6,0.5
47599b,52,52,0.5
48111,2,2,0.5
48116,38,38,0.5
48129,23,23,0.5
48138,12,12,0.5
48173c,59,59,0.5
48184,6,6,0.5
48185,731,731,0.5
48187,4,4,0.5
48188,5,5,0.5
48189,18,18,0.5
48194,3,3,0.5
51008,112,112,0.5
51014a,72,72,0.5
51014c,110,110,0.5
51014l,84,84,0.5
51020a,2,2,0.5
51020b,54,54,0.5
62043b,2,2,0.5
62094b,92,92,0.5
62096a,88,88,0.5
62096b,10,10,0.5
62097b,6,6,0.5
70007,12,12,0.5
71038,21,21,0.5
71053,39,39,0.5
71143,45,45,0.5
71279,79,79,0.5
71459,129,129,0.5
71477,1228,1228,0.5
72038p,990,990,0.5
72051s,16,16,0.5
72127,53,53,0.5
72140e,1,1,0.5
72140f,5368,5368,0.5
72225c,226,226,0.5
72351b,3,3,0.5
72586,36,36,0.5
72732,2472,2472,0.5
72741,25,25,0.5
72759,524,524,0.5
72760b,2,2,0.5
72781,30,30,0.5
72789,2,2,0.5
72793,3,3,0.5
72798c,2,2,0.5
72799e,6,6,0.5
72799f,51,51,0.5
72800d,18,18,0.5
72800f,5,5,0.5
72801c,10,10,0.5
72802a,360,360,0.5
72802b,744,744,0.5
72802c,634,634,0.5
72803a,162,162,0.5
72807a,793,793,0.5
72807b,924,924,0.5
72807c,1119,1119,0.5
72815,7,7,0.5
72816,61,61,0.5
72817,91,91,0.5
72818,113,113,0.5
72821,2,2,0.5
75049l,228,228,0.5
75131,48,48,0.5
75172,35,35,0.5
77081,39,39,0.5
77101a,87,87,0.5
78027,3,3,0.5
78033,3,3,0.5
79000,218,218,0.5
79026b,1,1,0.5
79030d,665,665,0.5
79030g,429,429,0.5
79051a,6,6,0.5
79066k,12,12,0.5
79067,150,150,0.5
79071b,4,4,0.5
79160,8,8,0.5
79161a,13,13,0.5
79163,191,191,0.5
79164,1562,1562,0.5
79172d,7,7,0.5
79190a,3,3,0.5
79190b,16,16,0.5
79191b,12,12,0.5
79191c,158,158,0.5
79191d,12,12,0.5
79192a,9,9,0.5
79320,1,1,0.5
79321,80,80,0.5
79323b,1679,1679,0.5
79323g,657,657,0.5
79323gr,1158,1158,0.5
79323lp,2618,2618,0.5
79323p,2011,2011,0.5
79323s,674,674,0.5
79323w,4838,4838,0.5
79329,2,2,0.5
79331,3,3,0.5
79336,47,47,0.5
79337,14,14,0.5
79341,905,905,0.5
79342b,1128,1128,0.5
81950b,23,23,0.5
81950v,1,1,0.5
81953b,6,6,0.5
81953p,7,7,0.5
82001s,7,7,0.5
82095,5,5,0.5
82482,233,233,0.5
82483,228,228,0.5
82484,24,24,0.5
82486,70,70,0.5
82494l,608,608,0.5
82545a,4,4,0.5
82551,114,114,0.5
82567,73,73,0.5
82578,12,12,0.5
82580,290,290,0.5
82581,21,21,0.5
82582,149,149,0.5
82583,322,322,0.5
82599,301,301,0.5
82600,496,496,0.5
82613b,91,91,0.5
82613c,20,20,0.5
82613d,20,20,0.5
82616b,9,9,0.5
82616c,3,3,0.5
84006,1,1,0.5
84007,3,3,0.5
84012,120,120,0.5
84029e,118,118,0.5
84029g,14,14,0.5
84030e,3,3,0.5
84031a,20,20,0.5
84031b,21,21,0.5
84032a,28,28,0.5
84032b,66,66,0.5
84050,324,324,0.5
84077,1200,1200,0.5
84078a,35,35,0.5
84086b,1,1,0.5
84218,2,2,0.5
84226,34,34,0.5
84227,2,2,0.5
84228,5,5,0.5
84247e,23,23,0.5
84247k,11,11,0.5
84249a,175,175,0.5
84251b,72,72,0.5
84251f,2,2,0.5
84251j,28,28,0.5
84279b,8,8,0.5
84279p,120,120,0.5
84306,5,5,0.5
84313b,32,32,0.5
84313c,13,13,0.5
84341b,181,181,0.5
84347,9376,9376,0.5
84352,56,56,0.5
84375,13,13,0.5
84378,72,72,0.5
84380,75,75,0.5
84406b,594,594,0.5
84415a,11,11,0.5
84415b,9,9,0.5
84422,78,78,0.5
84424a,1,1,0.5
84452,4,4,0.5
84455,31,31,0.5
84459a,60,60,0.5
84459b,7,7,0.5
84461,6,6,0.5
84465,6,6,0.5
84466,1,1,0.5
84482,5,5,0.5
84499,10,10,0.5
84507c,7,7,0.5
84508a,40,40,0.5
84508b,29,29,0.5
84508c,21,21,0.5
84509a,9,9,0.5
84509f,1,1,0.5
84510a,1,1,0.5
84520b,61,61,0.5
84522,30,30,0.5
84526,1,1,0.5
84531a,34,34,0.5
84531b,23,23,0.5
84534b,90,90,0.5
84535a,65,65,0.5
84535b,95,95,0.5
84536a,32,32,0.5
84536b,48,48,0.5
84546,45,45,0.5
84548,70,70,0.5
84559b,162,162,0.5
84559d,7,7,0.5
84562a,3,3,0.5
84563a,14,14,0.5
84563b,11,11,0.5
84569a,18,18,0.5
84569b,37,37,0.5
84569c,37,37,0.5
84569d,70,70,0.5
84575a,1,1,0.5
84576,13,13,0.5
84581,43,43,0.5
84584,53,53,0.5
84593,5,5,0.5
84595e,1,1,0.5
84596b,16,16,0.5
84596e,153,153,0.5
84596f,16,16,0.5
84596g,365,365,0.5
84596j,3,3,0.5
84596l,21,21,0.5
84597b,19,19,0.5
84597c,18,18,0.5
84598,3288,3288,0.5
84600,1,1,0.5
84609,31,31,0.5
84611b,1430,1430,0.5
84612b,162,162,0.5
84613a,230,230,0.5
84613c,173,173,0.5
84614a,390,390,0.5
84616,3,3,0.5
84625a,20,20,0.5
84625c,81,81,0.5
84629,3,3,0.5
84631,35,35,0.5
84632,1,1,0.5
84638,18,18,0.5
84659a,1,1,0.5
84660a,25,25,0.5
84660c,21,21,0.5
84663a,14,14,0.5
84664,1,1,0.5
84665,35,35,0.5
84666,5,5,0.5
84674,4,4,0.5
84678,36,36,0.5
84683,8,8,0.5
84685,1,1,0.5
84687,4,4,0.5
84688,13,13,0.5
84692,31,31,0.5
84706d,5,5,0.5
84708b,5,5,0.5
84715,3,3,0.5
84725,8,8,0.5
84726,14,14,0.5
84741c,2,2,0.5
84743c,42,42,0.5
84748,52,52,0.5
84750a,37,37,0.5
84750b,5,5,0.5
84751b,25,25,0.5
84754,386,386,0.5
84755,69,69,0.5
84761,11,11,0.5
84763,155,155,0.5
84766,52,52,0.5
84789,2,2,0.5
84792,29,29,0.5
84796b,2,2,0.5
84797b,2,2,0.5
84798a,12,12,0.5
84798b,113,113,0.5
84799,406,406,0.5
84800l,197,197,0.5
84800m,127,127,0.5
84800s,2,2,0.5
84801a,150,150,0.5
84801b,44,44,0.5
84802b,125,125,0.5
84803b,3,3,0.5
84804a,125,125,0.5
84804b,96,96,0.5
84805a,96,96,0.5
84805b,96,96,0.5
84809a,128,128,0.5
84809b,324,324,0.5
84813,1,1,0.5
84816,27,27,0.5
84817,37,37,0.5
84818,165,165,0.5
84819,4,4,0.5
84820,4,4,0.5
84821,12,12,0.5
84823,3,3,0.5
84826,60,60,0.5
84828,24,24,0.5
84832,12,12,0.5
84836,35,35,0.5
84839,1,1,0.5
84840,11,11,0.5
84843,1,1,0.5
84845d,5,5,0.5
84846a,8,8,0.5
84849a,16,16,0.5
84849b,1,1,0.5
84849d,102,102,0.5
84854,3,3,0.5
84856l,27,27,0.5
84856s,8,8,0.5
84857a,5,5,0.5
84857b,2,2,0.5
84857c,25,25,0.5
84858c,10,10,0.5
84859c,153,153,0.5
84864a,2,2,0.5
84865,7,7,0.5
84870b,1,1,0.5
84872a,16,16,0.5
84874b,3,3,0.5
84875a,17,17,0.5
84876b,59,59,0.5
84876c,19,19,0.5
84876d,2,2,0.5
84877a,21,21,0.5
84877b,27,27,0.5
84877d,204,204,0.5
84879,240,240,0.5
84880,14,14,0.5
84881,12,12,0.5
84884a,1,1,0.5
84898f,26,26,0.5
84899f,5,5,0.5
84905,5,5,0.5
84906,1,1,0.5
84907,3,3,0.5
84910a,16,16,0.5
84912b,107,107,0.5
84913a,75,75,0.5
84916,32,32,0.5
84917,58,58,0.5
84919,17,17,0.5
84920,30,30,0.5
84921,17,17,0.5
84925d,12,12,0.5
84926f,24,24,0.5
84927a,8,8,0.5
84927d,3,3,0.5
84927e,4,4,0.5
84927f,5,5,0.5
84929,1130,1130,0.5
84931b,3,3,0.5
84944,105,105,0.5
84945,103,103,0.5
84946,335,335,0.5
84947,32,32,0.5
84949,263,263,0.5
84950,10,10,0.5
84951a,24,24,0.5
84952b,3,3,0.5
84952c,38,38,0.5
84964b,1,1,0.5
84966a,17,17,0.5
84966b,11,11,0.5
84967a,2,2,0.5
84967b,1,1,0.5
84968a,10,10,0.5
84968b,21,21,0.5
84968c,4,4,0.5
84968d,1,1,0.5
84968e,35,35,0.5
84968f,20,20,0.5
84969,52,52,0.5
84970l,12,12,0.5
84970s,25,25,0.5
84971s,1,1,0.5
84975,1,1,0.5
84976,80,80,0.5
84978,175,175,0.5
84985a,5,5,0.5
84987,15,15,0.5
84988,13,13,0.5
84989a,1,1,0.5
84990,24,24,0.5
84991,174,174,0.5
84992,130,130,0.5
84993b,54,54,0.5
84997a,13,13,0.5
84997b,34,34,0.5
84997c,747,747,0.5
84997d,29,29,0.5
85006,21,21,0.5
85008,17,17,0.5
85014a,6,6,0.5
85014b,2,2,0.5
85016,46,46,0.5
85017a,20,20,0.5
85017b,222,222,0.5
85018b,2,2,0.5
85019c,120,120,0.5
85023b,73,73,0.5
85023c,1,1,0.5
85024c,1,1,0.5
85025b,1,1,0.5
85025c,231,231,0.5
85027l,5,5,0.5
85028l,3,3,0.5
85028s,1,1,0.5
85030,9,9,0.5
85031c,1,1,0.5
85032c,12,12,0.5
85032d,13,13,0.5
85034a,88,88,0.5
85034c,20,20,0.5
85035a,65,65,0.5
85035b,36,36,0.5
85035c,24,24,0.5
85036a,83,83,0.5
85036b,1313,1313,0.5
85036c,1757,1757,0.5
85039a,1,1,0.5
85039c,1,1,0.5
85040a,17,17,0.5
85040b,5,5,0.5
85042,3,3,0.5
85045,4,4,0.5
85047,3,3,0.5
85048,41,41,0.5
85049a,12,12,0.5
85049d,128,128,0.5
85049e,15,15,0.5
85049f,130,130,0.5
85049g,14,14,0.5
85053,28,28,0.5
85054,43,43,0.5
85059,8,8,0.5
85060,4,4,0.5
85061w,398,398,0.5
85062,4,4,0.5
85063,3,3,0.5
85064,15,15,0.5
85065,1,1,0.5
85066,41,41,0.5
85067,9,9,0.5
85068,5,5,0.5
85071a,152,152,0.5
85071b,2,2,0.5
85078,840,840,0.5
85084,5,5,0.5
85086a,36,36,0.5
85087,17,17,0.5
85088,2,2,0.5
85092,9,9,0.5
85096,59,59,0.5
85098b,6,6,0.5
85099b,1115,1115,0.5
85099c,281,281,0.5
85099f,1342,1342,0.5
85103,69,69,0.5
85104,358,358,0.5
85106,562,562,0.5
85110,1,1,0.5
85111,117,117,0.5
85114b,2,2,0.5
85116,30,30,0.5
85118,54,54,0.5
85119,1,1,0.5
85123a,2834,2834,0.5
85124b,6,6,0.5
85124c,8,8,0.5
85125,64,64,0.5
85126,4,4,0.5
85127,11,11,0.5
85130a,23,23,0.5
85131a,13,13,0.5
85132a,99,99,0.5
85132b,42,42,0.5
85132c,114,114,0.5
85135a,7,7,0.5
85135b,68,68,0.5
85135c,50,50,0.5
85136a,77,77,0.5
85136b,4,4,0.5
85136c,36,36,0.5
85141,16,16,0.5
85144,38,38,0.5
85150,5,5,0.5
85152,80,80,0.5
85159a,40,40,0.5
85159b,38,38,0.5
85160a,21,21,0.5
85160b,2,2,0.5
85161,20,20,0.5
85163b,1,1,0.5
85167b,25,25,0.5
85169a,12,12,0.5
85169c,12,12,0.5
85169d,1,1,0.5
85170b,1,1,0.5
85170d,5,5,0.5
85172,2101,2101,0.5
85173,5,5,0.5
85174,3,3,0.5
85175,2870,2870,0.5
85176,1,1,0.5
85177,1,1,0.5
85178,289,289,0.5
85179b,1,1,0.5
85180a,6,6,0.5
85183a,2,2,0.5
85185b,287,287,0.5
85185d,2,2,0.5
85186c,20,20,0.5
85188a,3,3,0.5
85188b,70,70,0.5
85189,6,6,0.5
85194l,28,28,0.5
85194s,29,29,0.5
85195,13,13,0.5
85197,1,1,0.5
85198,11,11,0.5
85199l,263,263,0.5
85199s,24,24,0.5
85204,1132,1132,0.5
85206a,77,77,0.5
85208,22,22,0.5
85211,6,6,0.5
85213,13,13,0.5
85215,29,29,0.5
85224,7,7,0.5
85226c,6,6,0.5
85230e,226,226,0.5
85230f,48,48,0.5
85230g,48,48,0.5
85231b,11,11,0.5
85231g,120,120,0.5
85232a,17,17,0.5
85232b,256,256,0.5
85232d,121,121,0.5
90000c,1,1,0.5
90003b,4,4,0.5
90003c,4,4,0.5
90003d,4,4,0.5
90003e,4,4,0.5
90010b,50,50,0.5
90012a,18,18,0.5
90012b,5,5,0.5
90013a,8,8,0.5
90014a,12,12,0.5
90014b,1,1,0.5
90014c,8,8,0.5
90018a,1,1,0.5
90018c,1,1,0.5
90022,4,4,0.5
90024b,2,2,0.5
90035a,9,9,0.5
90037d,5,5,0.5
90050,2,2,0.5
90057,380,380,0.5
90058a,36,36,0.5
90058b,36,36,0.5
90059a,6,6,0.5
90059b,6,6,0.5
90059c,6,6,0.5
90059d,6,6,0.5
90059e,6,6,0.5
90059f,6,6,0.5
90062,1,1,0.5
90064b,1,1,0.5
90070,3,3,0.5
90076,1,1,0.5
90082d,19,19,0.5
90091,1,1,0.5
90095,1,1,0.5
90096,54,54,0.5
90098,6,6,0.5
90099,19,19,0.5
90100,5,5,0.5
90101,6,6,0.5
90108,10,10,0.5
90118,6,6,0.5
90120d,18,18,0.5
90143,1,1,0.5
90147,2,2,0.5
90148,1,1,0.5
90160a,7,7,0.5
90162b,1,1,0.5
90164a,15,15,0.5
90164b,14,14,0.5
90168,6,6,0.5
90169,6,6,0.5
90170,12,12,0.5
90173,28,28,0.5
90174,12,12,0.5
90176a,1,1,0.5
90176d,1,1,0.5
90177a,6,6,0.5
90177c,6,6,0.5
90177d,6,6,0.5
90177e,6,6,0.5
90180a,32,32,0.5
90182c,6,6,0.5
90183a,6,6,0.5
90185a,6,6,0.5
90185b,9,9,0.5
90185c,16,16,0.5
90191,60,60,0.5
90192,2,2,0.5
90195a,45,45,0.5
90199c,1,1,0.5
90200b,1,1,0.5
90200c,33,33,0.5
90201a,4,4,0.5
90201b,7,7,0.5
90201c,6,6,0.5
90202a,6,6,0.5
90202b,6,6,0.5
90202c,6,6,0.5
90202d,6,6,0.5
90204,4,4,0.5
90208,6,6,0.5
90209a,6,6,0.5
90209c,78,78,0.5
90210c,10,10,0.5
90210d,28,28,0.5
90211b,2,2,0.5
amazonfee,32,32,0.5
bank charges,25,25,0.5
c2,2,2,0.5
cruk,16,16,0.5
d,1194,1194,0.5
dcgs0003,7,7,0.5
dcgs0055,1,1,0.5
dcgs0057,6,6,0.5
dcgs0066p,3,3,0.5
dcgs0067,11,11,0.5
dcgs0068,10,10,0.5
dcgs0069,5,5,0.5
dcgs0070,8,8,0.5
dcgs0071,2,2,0.5
dcgs0072,1,1,0.5
dcgs0073,4,4,0.5
dcgs0074,1,1,0.5
dot,1,1,0.5
m,4066,4066,0.5
post,147,147,0.5
s,60,60,0.5
